episode_id,stars,votes,percent
tt0629380,10,79,18.2
tt0629380,9,86,19.9
tt0629380,8,141,32.6
tt0629380,7,82,18.9
tt0629380,6,27,6.2
tt0629380,5,8,1.8
tt0629380,4,1,0.2
tt0629380,3,3,0.7
tt0629380,2,3,0.7
tt0629380,1,3,0.7
tt0629438,10,38,11.1
tt0629438,9,36,10.6
tt0629438,8,111,32.6
tt0629438,7,92,27.0
tt0629438,6,40,11.7
tt0629438,5,11,3.2
tt0629438,4,5,1.5
tt0629438,3,0,0.0
tt0629438,2,4,1.2
tt0629438,1,4,1.2
tt0629458,10,35,10.9
tt0629458,9,45,14.1
tt0629458,8,99,30.9
tt0629458,7,93,29.1
tt0629458,6,32,10.0
tt0629458,5,6,1.9
tt0629458,4,1,0.3
tt0629458,3,1,0.3
tt0629458,2,6,1.9
tt0629458,1,2,0.6
tt0629325,10,28,9.7
tt0629325,9,37,12.8
tt0629325,8,87,30.2
tt0629325,7,88,30.6
tt0629325,6,33,11.5
tt0629325,5,6,2.1
tt0629325,4,2,0.7
tt0629325,3,2,0.7
tt0629325,2,3,1.0
tt0629325,1,2,0.7
tt0629288,10,30,11.0
tt0629288,9,42,15.4
tt0629288,8,80,29.4
tt0629288,7,76,27.9
tt0629288,6,27,9.9
tt0629288,5,6,2.2
tt0629288,4,4,1.5
tt0629288,3,1,0.4
tt0629288,2,4,1.5
tt0629288,1,2,0.7
tt0629256,10,40,13.9
tt0629256,9,43,15.0
tt0629256,8,81,28.2
tt0629256,7,75,26.1
tt0629256,6,27,9.4
tt0629256,5,10,3.5
tt0629256,4,3,1.0
tt0629256,3,1,0.3
tt0629256,2,4,1.4
tt0629256,1,3,1.0
tt0629195,10,35,12.8
tt0629195,9,36,13.2
tt0629195,8,85,31.1
tt0629140,3,2,0.8
tt0629140,2,3,1.3
tt0629140,1,1,0.4
tt0629466,10,44,16.3
tt0629466,9,58,21.5
tt0629466,8,68,25.2
tt0629466,7,62,23.0
tt0629466,6,21,7.8
tt0629466,5,7,2.6
tt0629466,4,2,0.7
tt0629466,3,3,1.1
tt0629466,2,3,1.1
tt0629466,1,2,0.7
tt0629463,10,36,15.2
tt0629463,9,52,21.9
tt0629463,8,73,30.8
tt0629463,7,43,18.1
tt0629463,6,19,8.0
tt0629463,5,6,2.5
tt0629463,4,3,1.3
tt0629463,3,0,0.0
tt0629463,2,3,1.3
tt0629463,1,2,0.8
tt0629464,10,47,20.3
tt0629464,9,45,19.4
tt0629464,8,72,31.0
tt0629464,7,40,17.2
tt0629464,6,18,7.8
tt0629464,5,3,1.3
tt0629464,4,2,0.9
tt0629464,3,0,0.0
tt0629464,2,3,1.3
tt0629464,1,2,0.9
tt0629349,10,55,21.7
tt0629349,9,50,19.8
tt0629349,8,78,30.8
tt0629349,7,47,18.6
tt0629349,6,15,5.9
tt0629349,5,1,0.4
tt0629349,4,1,0.4
tt0629349,3,1,0.4
tt0629349,2,3,1.2
tt0629349,1,2,0.8
tt0629460,10,26,12.1
tt0629460,9,25,11.7
tt0629460,8,61,28.5
tt0629460,7,68,31.8
tt0629460,6,20,9.3
tt0629460,5,5,2.3
tt0629460,4,4,1.9
tt0629460,3,0,0.0
tt0629460,2,3,1.4
tt0629460,1,2,0.9
tt0629461,10,27,12.6
tt0629461,9,21,9.8
tt0629461,8,73,34.0
tt0629461,7,55,25.6
tt0629461,6,25,11.6
tt0629461,5,8,3.7
tt0629461,4,0,0.0
tt0629461,3,0,0.0
tt0629461,2,4,1.9
tt0629461,1,2,0.9
tt0629465,10,31,13.8
tt0629465,9,39,17.4
tt0629465,8,72,32.1
tt0629465,7,49,21.9
tt0629465,6,15,6.7
tt0629465,5,6,2.7
tt0629465,4,4,1.8
tt0629465,3,1,0.4
tt0629465,2,4,1.8
tt0629465,1,3,1.3
tt0629431,10,48,20.5
tt0629431,9,45,19.2
tt0629431,8,69,29.5
tt0629431,7,45,19.2
tt0629431,6,20,8.5
tt0629431,5,3,1.3
tt0629431,4,0,0.0
tt0629431,3,0,0.0
tt0629431,2,3,1.3
tt0629431,1,1,0.4
tt0629451,10,45,19.7
tt0629451,9,51,22.3
tt0629451,8,70,30.6
tt0629451,7,37,16.2
tt0629451,6,14,6.1
tt0629451,5,5,2.2
tt0629451,4,2,0.9
tt0629451,3,1,0.4
tt0629451,2,3,1.3
tt0629451,1,1,0.4
tt0629213,10,52,21.5
tt0629213,9,36,14.9
tt0629213,8,82,33.9
tt0629213,7,47,19.4
tt0629213,6,15,6.2
tt0629213,5,2,0.8
tt0629213,4,2,0.8
tt0629213,3,1,0.4
tt0629213,2,4,1.7
tt0629213,1,1,0.4
tt0629467,10,27,12.2
tt0629467,9,26,11.8
tt0629467,8,67,30.3
tt0629467,7,69,31.2
tt0629467,6,15,6.8
tt0629467,5,7,3.2
tt0629467,4,3,1.4
tt0629467,3,1,0.5
tt0629467,2,4,1.8
tt0629467,1,2,0.9
tt0394752,10,36,16.3
tt0394752,9,29,13.1
tt0394752,8,72,32.6
tt0394752,7,49,22.2
tt0394752,6,19,8.6
tt0394752,5,10,4.5
tt0394752,4,1,0.5
tt0394752,3,0,0.0
tt0394752,2,4,1.8
tt0394752,1,1,0.5
tt0629163,10,26,12.7
tt0629163,9,31,15.1
tt0629163,8,62,30.2
tt0629163,7,54,26.3
tt0629163,6,18,8.8
tt0629195,7,79,28.9
tt0629195,6,22,8.1
tt0629195,5,8,2.9
tt0629195,4,2,0.7
tt0629195,3,0,0.0
tt0629195,2,4,1.5
tt0629195,1,2,0.7
tt0629376,10,39,14.4
tt0629376,9,50,18.5
tt0629376,8,92,34.1
tt0629376,7,56,20.7
tt0629376,6,17,6.3
tt0629376,5,6,2.2
tt0629376,4,1,0.4
tt0629376,3,2,0.7
tt0629376,2,5,1.9
tt0629376,1,2,0.7
tt0629312,10,78,25.5
tt0629312,9,93,30.4
tt0629312,8,66,21.6
tt0629312,7,41,13.4
tt0629312,6,12,3.9
tt0629312,5,4,1.3
tt0629312,4,3,1.0
tt0629312,3,3,1.0
tt0629312,2,3,1.0
tt0629312,1,3,1.0
tt0629384,10,31,11.9
tt0629384,9,25,9.6
tt0629384,8,69,26.5
tt0629384,7,72,27.7
tt0629384,6,34,13.1
tt0629384,5,14,5.4
tt0629384,4,3,1.2
tt0629384,3,6,2.3
tt0629384,2,4,1.5
tt0629384,1,2,0.8
tt0629362,10,50,19.1
tt0629362,9,45,17.2
tt0629362,8,76,29.0
tt0629362,7,53,20.2
tt0629362,6,20,7.6
tt0629362,5,7,2.7
tt0629362,4,5,1.9
tt0629362,3,0,0.0
tt0629362,2,3,1.1
tt0629362,1,3,1.1
tt0629328,10,41,15.9
tt0629328,9,49,19.0
tt0629328,8,84,32.6
tt0629328,7,47,18.2
tt0629328,6,17,6.6
tt0629328,5,6,2.3
tt0629328,4,2,0.8
tt0629328,3,0,0.0
tt0629328,2,4,1.6
tt0629328,1,8,3.1
tt0629140,10,28,11.8
tt0629140,9,35,14.8
tt0629140,8,68,28.7
tt0629140,7,74,31.2
tt0629140,6,18,7.6
tt0629140,5,4,1.7
tt0629140,4,4,1.7
tt0629163,5,4,2.0
tt0629163,4,3,1.5
tt0629163,3,0,0.0
tt0629163,2,5,2.4
tt0629163,1,2,1.0
tt0629279,10,22,11.1
tt0629279,9,30,15.1
tt0629279,8,75,37.7
tt0629279,7,42,21.1
tt0629279,6,19,9.5
tt0629279,5,4,2.0
tt0629279,4,0,0.0
tt0629279,3,0,0.0
tt0629279,2,4,2.0
tt0629279,1,3,1.5
tt0629343,10,25,9.5
tt0629343,9,26,9.9
tt0629343,8,58,22.1
tt0629343,7,69,26.3
tt0629343,6,53,20.2
tt0629343,5,19,7.3
tt0629343,4,2,0.8
tt0629343,3,3,1.1
tt0629343,2,6,2.3
tt0629343,1,1,0.4
tt0629311,10,24,11.6
tt0629311,9,27,13.0
tt0629311,8,64,30.9
tt0629311,7,65,31.4
tt0629311,6,15,7.2
tt0629311,5,5,2.4
tt0629311,4,1,0.5
tt0629311,3,0,0.0
tt0629311,2,5,2.4
tt0629311,1,1,0.5
tt0629361,10,24,12.1
tt0629361,9,23,11.6
tt0629361,8,44,22.2
tt0629361,7,73,36.9
tt0629361,6,21,10.6
tt0629361,5,6,3.0
tt0629361,4,0,0.0
tt0629361,3,1,0.5
tt0629361,2,4,2.0
tt0629361,1,2,1.0
tt0629400,10,20,10.2
tt0629400,9,21,10.7
tt0629400,8,56,28.4
tt0629400,7,59,29.9
tt0629400,6,27,13.7
tt0629400,5,7,3.6
tt0629400,4,1,0.5
tt0629400,3,1,0.5
tt0629400,2,3,1.5
tt0629400,1,2,1.0
tt0629294,10,30,15.3
tt0629294,9,20,10.2
tt0629294,8,63,32.1
tt0629294,7,58,29.6
tt0629294,6,15,7.7
tt0629294,5,4,2.0
tt0629294,4,0,0.0
tt0629294,3,0,0.0
tt0629294,2,4,2.0
tt0629294,1,2,1.0
tt0629297,10,27,14.1
tt0629297,9,14,7.3
tt0629297,8,37,19.3
tt0629297,7,67,34.9
tt0629297,6,30,15.6
tt0629297,5,10,5.2
tt0629297,4,0,0.0
tt0629297,3,1,0.5
tt0629297,2,5,2.6
tt0629297,1,1,0.5
tt0629436,10,25,12.4
tt0629436,9,23,11.4
tt0629436,8,66,32.7
tt0629436,7,64,31.7
tt0629436,6,11,5.4
tt0629436,5,7,3.5
tt0629436,4,2,1.0
tt0629436,3,0,0.0
tt0629436,2,3,1.5
tt0629436,1,1,0.5
tt0629416,10,28,14.7
tt0629416,9,41,21.5
tt0629416,8,54,28.3
tt0629416,7,42,22.0
tt0629416,6,17,8.9
tt0629416,5,3,1.6
tt0629416,4,1,0.5
tt0629416,3,0,0.0
tt0629416,2,4,2.1
tt0629416,1,1,0.5
tt0629181,10,34,17.5
tt0629181,9,25,12.9
tt0629181,8,57,29.4
tt0629181,7,50,25.8
tt0629181,6,19,9.8
tt0629181,5,5,2.6
tt0629181,4,0,0.0
tt0629181,3,0,0.0
tt0629181,2,3,1.5
tt0629181,1,1,0.5
tt0629478,10,30,15.4
tt0629478,9,26,13.3
tt0629478,8,63,32.3
tt0629478,7,51,26.2
tt0629478,6,15,7.7
tt0629478,5,4,2.1
tt0629478,4,0,0.0
tt0629478,3,0,0.0
tt0629478,2,4,2.1
tt0629478,1,2,1.0
tt0629486,10,28,15.0
tt0629486,9,35,18.7
tt0629486,8,54,28.9
tt0629486,7,43,23.0
tt0629486,6,16,8.6
tt0629486,5,6,3.2
tt0629486,4,1,0.5
tt0629486,3,0,0.0
tt0629486,2,3,1.6
tt0629486,1,1,0.5
tt0629424,10,23,11.6
tt0629424,9,28,14.1
tt0629424,8,55,27.6
tt0629424,7,59,29.6
tt0629424,6,23,11.6
tt0629424,5,4,2.0
tt0629424,4,1,0.5
tt0629424,3,1,0.5
tt0629424,2,3,1.5
tt0629424,1,2,1.0
tt0629220,10,30,15.2
tt0629220,9,33,16.7
tt0629220,8,70,35.4
tt0629220,7,41,20.7
tt0629220,6,14,7.1
tt0629220,5,5,2.5
tt0629220,4,0,0.0
tt0629220,3,0,0.0
tt0629220,2,3,1.5
tt0629220,1,2,1.0
tt0629455,10,20,11.2
tt0629455,9,19,10.6
tt0629455,8,53,29.6
tt0629455,7,52,29.1
tt0629455,6,21,11.7
tt0629455,5,6,3.4
tt0629455,4,1,0.6
tt0629455,3,0,0.0
tt0629455,2,3,1.7
tt0629455,1,4,2.2
tt0629313,10,22,11.9
tt0629313,9,25,13.5
tt0629313,8,49,26.5
tt0629313,7,54,29.2
tt0629313,6,22,11.9
tt0629313,5,5,2.7
tt0629313,4,2,1.1
tt0629313,3,1,0.5
tt0629313,2,3,1.6
tt0629313,1,2,1.1
tt0629423,10,18,10.4
tt0629423,9,28,16.2
tt0629423,8,49,28.3
tt0629423,7,49,28.3
tt0629423,6,17,9.8
tt0629423,5,5,2.9
tt0629423,4,1,0.6
tt0629423,3,1,0.6
tt0629423,2,4,2.3
tt0629423,1,1,0.6
tt0629469,10,34,19.2
tt0629469,9,29,16.4
tt0629469,8,53,29.9
tt0629469,7,41,23.2
tt0629469,6,13,7.3
tt0629469,5,3,1.7
tt0629469,4,0,0.0
tt0629469,3,0,0.0
tt0629469,2,3,1.7
tt0629469,1,1,0.6
tt0629425,10,18,8.9
tt0629425,9,25,12.3
tt0629425,8,73,36.0
tt0629425,7,54,26.6
tt0629425,6,22,10.8
tt0629425,5,5,2.5
tt0629425,4,1,0.5
tt0629425,3,1,0.5
tt0629425,2,3,1.5
tt0629425,1,1,0.5
tt0629214,10,20,11.8
tt0629214,9,25,14.8
tt0629214,8,50,29.6
tt0629214,7,47,27.8
tt0629214,6,17,10.1
tt0629214,5,3,1.8
tt0629214,4,1,0.6
tt0629214,3,1,0.6
tt0629214,2,3,1.8
tt0629214,1,2,1.2
tt0629271,10,22,13.1
tt0629271,9,16,9.5
tt0629271,8,49,29.2
tt0629271,7,49,29.2
tt0629271,6,20,11.9
tt0629271,5,7,4.2
tt0629271,4,0,0.0
tt0629271,3,0,0.0
tt0629271,2,3,1.8
tt0629271,1,2,1.2
tt0629454,10,25,14.4
tt0629454,9,33,19.0
tt0629454,8,51,29.3
tt0629454,7,43,24.7
tt0629454,6,13,7.5
tt0629454,5,3,1.7
tt0629454,4,1,0.6
tt0629454,3,0,0.0
tt0629454,2,3,1.7
tt0629454,1,2,1.1
tt0629495,10,25,14.3
tt0629495,9,27,15.4
tt0629495,8,56,32.0
tt0629495,7,42,24.0
tt0629495,6,13,7.4
tt0629495,5,6,3.4
tt0629495,4,1,0.6
tt0629495,3,0,0.0
tt0629495,2,3,1.7
tt0629495,1,2,1.1
tt0394753,10,49,22.8
tt0394753,9,61,28.4
tt0394753,8,63,29.3
tt0394753,7,24,11.2
tt0394753,6,10,4.7
tt0394753,5,2,0.9
tt0394753,4,1,0.5
tt0394753,3,0,0.0
tt0394753,2,3,1.4
tt0394753,1,2,0.9
tt0629415,10,26,14.5
tt0629415,9,23,12.8
tt0629415,8,65,36.3
tt0629415,7,45,25.1
tt0629415,6,10,5.6
tt0629415,5,3,1.7
tt0629415,4,0,0.0
tt0629415,3,1,0.6
tt0629415,2,3,1.7
tt0629415,1,3,1.7
tt0629383,10,50,24.2
tt0629383,9,53,25.6
tt0629383,8,58,28.0
tt0629383,7,31,15.0
tt0629383,6,8,3.9
tt0629383,5,3,1.4
tt0629383,4,0,0.0
tt0629383,3,0,0.0
tt0629383,2,3,1.4
tt0629383,1,1,0.5
tt0629375,10,38,17.4
tt0629375,9,44,20.1
tt0629375,8,70,32.0
tt0629375,7,42,19.2
tt0629375,6,17,7.8
tt0629375,5,4,1.8
tt0629375,4,0,0.0
tt0629375,3,0,0.0
tt0629375,2,3,1.4
tt0629375,1,1,0.5
tt0629215,10,24,13.3
tt0629215,9,27,15.0
tt0629215,8,58,32.2
tt0629215,7,46,25.6
tt0629215,6,11,6.1
tt0629215,5,10,5.6
tt0629215,4,0,0.0
tt0629215,3,0,0.0
tt0629215,2,3,1.7
tt0629215,1,1,0.6
tt0629259,10,25,14.1
tt0629259,9,24,13.6
tt0629259,8,57,32.2
tt0629259,7,49,27.7
tt0629259,6,12,6.8
tt0629259,5,6,3.4
tt0629259,4,0,0.0
tt0629259,3,0,0.0
tt0629259,2,3,1.7
tt0629259,1,1,0.6
tt0629402,10,21,11.9
tt0629402,9,24,13.6
tt0629402,8,54,30.7
tt0629402,7,52,29.5
tt0629402,6,15,8.5
tt0629402,5,5,2.8
tt0629402,4,1,0.6
tt0629402,3,0,0.0
tt0629402,2,3,1.7
tt0629402,1,1,0.6
tt0629354,10,26,14.1
tt0629354,9,26,14.1
tt0629354,8,59,32.1
tt0629354,7,46,25.0
tt0629354,6,15,8.2
tt0629354,5,7,3.8
tt0629354,4,1,0.5
tt0629354,3,0,0.0
tt0629354,2,3,1.6
tt0629354,1,1,0.5
tt0629389,10,25,13.9
tt0629389,9,19,10.6
tt0629389,8,51,28.3
tt0629389,7,49,27.2
tt0629389,6,25,13.9
tt0629389,5,5,2.8
tt0629389,4,1,0.6
tt0629389,3,0,0.0
tt0629389,2,3,1.7
tt0629389,1,2,1.1
tt0629346,10,31,17.0
tt0629346,9,29,15.9
tt0629346,8,54,29.7
tt0629346,7,44,24.2
tt0629346,6,13,7.1
tt0629346,5,6,3.3
tt0629346,4,0,0.0
tt0629346,3,0,0.0
tt0629346,2,3,1.6
tt0629346,1,2,1.1
tt0629319,10,26,15.8
tt0629319,9,25,15.2
tt0629319,8,55,33.3
tt0629319,7,35,21.2
tt0629319,6,12,7.3
tt0629319,5,6,3.6
tt0629319,4,0,0.0
tt0629319,3,0,0.0
tt0629319,2,3,1.8
tt0629319,1,3,1.8
tt0629212,10,23,13.5
tt0629212,9,30,17.6
tt0629212,8,49,28.8
tt0629212,7,45,26.5
tt0629212,6,13,7.6
tt0629212,5,6,3.5
tt0629212,4,0,0.0
tt0629212,3,0,0.0
tt0629212,2,3,1.8
tt0629212,1,1,0.6
tt0629158,10,30,16.9
tt0629158,9,32,18.1
tt0629158,8,55,31.1
tt0629158,7,36,20.3
tt0629158,6,13,7.3
tt0629158,5,7,4.0
tt0629158,4,0,0.0
tt0629158,3,0,0.0
tt0629158,2,3,1.7
tt0629158,1,1,0.6
tt0629490,10,18,10.5
tt0629490,9,29,17.0
tt0629490,8,41,24.0
tt0629490,7,51,29.8
tt0629490,6,21,12.3
tt0629490,5,7,4.1
tt0629490,4,0,0.0
tt0629490,3,0,0.0
tt0629490,2,3,1.8
tt0629490,1,1,0.6
tt0629412,10,17,10.5
tt0629412,9,17,10.5
tt0629412,8,37,22.8
tt0629412,7,50,30.9
tt0629412,6,27,16.7
tt0629412,5,6,3.7
tt0629412,4,2,1.2
tt0629412,3,1,0.6
tt0629412,2,4,2.5
tt0629412,1,1,0.6
tt0629334,10,43,20.5
tt0629334,9,40,19.0
tt0629334,8,73,34.8
tt0629334,7,30,14.3
tt0629334,6,16,7.6
tt0629334,5,4,1.9
tt0629334,4,0,0.0
tt0629334,3,0,0.0
tt0629334,2,2,1.0
tt0629334,1,2,1.0
tt0629172,10,17,10.1
tt0629172,9,19,11.3
tt0629172,8,42,25.0
tt0629172,7,52,31.0
tt0629172,6,21,12.5
tt0629172,5,8,4.8
tt0629172,4,4,2.4
tt0629172,3,1,0.6
tt0629172,2,2,1.2
tt0629172,1,2,1.2
tt0629444,10,30,14.9
tt0629444,9,29,14.4
tt0629444,8,55,27.4
tt0629444,7,48,23.9
tt0629444,6,22,10.9
tt0629444,5,9,4.5
tt0629444,4,2,1.0
tt0629444,3,0,0.0
tt0629444,2,3,1.5
tt0629444,1,3,1.5
tt0629491,10,21,11.8
tt0629491,9,26,14.6
tt0629491,8,58,32.6
tt0629491,7,45,25.3
tt0629491,6,13,7.3
tt0629491,5,10,5.6
tt0629491,4,0,0.0
tt0629491,3,0,0.0
tt0629491,2,3,1.7
tt0629491,1,2,1.1
tt0629240,10,22,12.7
tt0629240,9,19,11.0
tt0629240,8,40,23.1
tt0629240,7,53,30.6
tt0629240,6,22,12.7
tt0629240,5,9,5.2
tt0629240,4,1,0.6
tt0629240,3,2,1.2
tt0629240,2,3,1.7
tt0629240,1,2,1.2
tt0629387,10,50,25.1
tt0629387,9,45,22.6
tt0629387,8,58,29.1
tt0629387,7,23,11.6
tt0629387,6,12,6.0
tt0629387,5,5,2.5
tt0629387,4,0,0.0
tt0629387,3,0,0.0
tt0629387,2,3,1.5
tt0629387,1,3,1.5
tt0629177,10,23,12.8
tt0629177,9,25,13.9
tt0629177,8,57,31.7
tt0629177,7,45,25.0
tt0629177,6,16,8.9
tt0629177,5,6,3.3
tt0629177,4,3,1.7
tt0629177,3,1,0.6
tt0629177,2,2,1.1
tt0629177,1,2,1.1
tt0629382,10,24,13.5
tt0629382,9,27,15.2
tt0629382,8,51,28.7
tt0629382,7,46,25.8
tt0629382,6,11,6.2
tt0629382,5,12,6.7
tt0629382,4,1,0.6
tt0629382,3,1,0.6
tt0629382,2,2,1.1
tt0629382,1,3,1.7
tt0629159,10,22,13.1
tt0629159,9,19,11.3
tt0629159,8,47,28.0
tt0629159,7,45,26.8
tt0629159,6,17,10.1
tt0629159,5,7,4.2
tt0629159,4,2,1.2
tt0629159,3,4,2.4
tt0629159,2,4,2.4
tt0629159,1,1,0.6
tt0629155,10,52,26.4
tt0629155,9,58,29.4
tt0629155,8,48,24.4
tt0629155,7,20,10.2
tt0629155,6,10,5.1
tt0629155,5,4,2.0
tt0629155,4,1,0.5
tt0629155,3,0,0.0
tt0629155,2,2,1.0
tt0629155,1,2,1.0
tt0629187,10,40,22.0
tt0629187,9,29,15.9
tt0629187,8,62,34.1
tt0629187,7,29,15.9
tt0629187,6,11,6.0
tt0629187,5,8,4.4
tt0629187,4,0,0.0
tt0629187,3,0,0.0
tt0629187,2,2,1.1
tt0629187,1,1,0.5
tt0629457,10,17,10.5
tt0629457,9,15,9.3
tt0629457,8,45,27.8
tt0629457,7,51,31.5
tt0629457,6,19,11.7
tt0629457,5,9,5.6
tt0629457,4,1,0.6
tt0629457,3,1,0.6
tt0629457,2,3,1.9
tt0629457,1,1,0.6
tt0629280,10,21,12.5
tt0629280,9,21,12.5
tt0629280,8,41,24.4
tt0629280,7,52,31.0
tt0629280,6,17,10.1
tt0629280,5,8,4.8
tt0629280,4,5,3.0
tt0629280,3,0,0.0
tt0629280,2,2,1.2
tt0629280,1,1,0.6
tt0629429,10,20,11.5
tt0629429,9,28,16.1
tt0629429,8,47,27.0
tt0629429,7,53,30.5
tt0629429,6,16,9.2
tt0629429,5,6,3.4
tt0629429,4,1,0.6
tt0629429,3,0,0.0
tt0629429,2,2,1.1
tt0629429,1,1,0.6
tt0629189,10,23,12.8
tt0629189,9,25,14.0
tt0629189,8,70,39.1
tt0629189,7,40,22.3
tt0629189,6,11,6.1
tt0629189,5,7,3.9
tt0629189,4,0,0.0
tt0629189,3,0,0.0
tt0629189,2,2,1.1
tt0629189,1,1,0.6
tt0629202,10,34,17.9
tt0629202,9,42,22.1
tt0629202,8,60,31.6
tt0629202,7,29,15.3
tt0629202,6,12,6.3
tt0629202,5,6,3.2
tt0629202,4,3,1.6
tt0629202,3,1,0.5
tt0629202,2,2,1.1
tt0629202,1,1,0.5
tt0629323,10,18,10.7
tt0629323,9,18,10.7
tt0629323,8,43,25.6
tt0629323,7,57,33.9
tt0629323,6,17,10.1
tt0629323,5,9,5.4
tt0629323,4,1,0.6
tt0629323,3,1,0.6
tt0629323,2,2,1.2
tt0629323,1,2,1.2
tt0629174,10,19,11.3
tt0629174,9,24,14.3
tt0629174,8,57,33.9
tt0629174,7,41,24.4
tt0629174,6,13,7.7
tt0629174,5,9,5.4
tt0629174,4,1,0.6
tt0629174,3,1,0.6
tt0629174,2,2,1.2
tt0629174,1,1,0.6
tt0629339,10,57,27.0
tt0629339,9,43,20.4
tt0629339,8,62,29.4
tt0629339,7,27,12.8
tt0629339,6,12,5.7
tt0629339,5,6,2.8
tt0629339,4,1,0.5
tt0629339,3,0,0.0
tt0629339,2,2,0.9
tt0629339,1,1,0.5
tt0629492,10,13,8.5
tt0629492,9,16,10.5
tt0629492,8,29,19.0
tt0629492,7,55,35.9
tt0629492,6,28,18.3
tt0629492,5,6,3.9
tt0629492,4,2,1.3
tt0629492,3,0,0.0
tt0629492,2,3,2.0
tt0629492,1,1,0.7
tt0629404,10,34,18.7
tt0629404,9,32,17.6
tt0629404,8,53,29.1
tt0629404,7,33,18.1
tt0629404,6,16,8.8
tt0629404,5,9,4.9
tt0629404,4,0,0.0
tt0629404,3,0,0.0
tt0629404,2,2,1.1
tt0629404,1,3,1.6
tt0629357,10,29,16.6
tt0629357,9,16,9.1
tt0629357,8,52,29.7
tt0629357,7,52,29.7
tt0629357,6,10,5.7
tt0629357,5,11,6.3
tt0629357,4,1,0.6
tt0629357,3,1,0.6
tt0629357,2,2,1.1
tt0629357,1,1,0.6
tt0629245,10,15,9.1
tt0629245,9,15,9.1
tt0629245,8,34,20.7
tt0629245,7,52,31.7
tt0629245,6,25,15.2
tt0629245,5,16,9.8
tt0629245,4,2,1.2
tt0629245,3,0,0.0
tt0629245,2,3,1.8
tt0629245,1,2,1.2
tt0629359,10,55,27.5
tt0629359,9,55,27.5
tt0629359,8,45,22.5
tt0629359,7,25,12.5
tt0629359,6,10,5.0
tt0629359,5,7,3.5
tt0629359,4,0,0.0
tt0629359,3,0,0.0
tt0629359,2,2,1.0
tt0629359,1,1,0.5
tt0629410,10,32,15.9
tt0629410,9,43,21.4
tt0629410,8,70,34.8
tt0629410,7,31,15.4
tt0629410,6,15,7.5
tt0629410,5,6,3.0
tt0629410,4,1,0.5
tt0629410,3,0,0.0
tt0629410,2,2,1.0
tt0629410,1,1,0.5
tt0629208,10,43,20.7
tt0629208,9,51,24.5
tt0629208,8,55,26.4
tt0629208,7,37,17.8
tt0629208,6,13,6.2
tt0629208,5,4,1.9
tt0629208,4,2,1.0
tt0629208,3,0,0.0
tt0629208,2,2,1.0
tt0629208,1,1,0.5
tt0629184,10,16,8.9
tt0629184,9,22,12.2
tt0629184,8,64,35.6
tt0629184,7,50,27.8
tt0629184,6,15,8.3
tt0629184,5,7,3.9
tt0629184,4,3,1.7
tt0629184,3,0,0.0
tt0629184,2,2,1.1
tt0629184,1,1,0.6
tt0629263,10,21,11.1
tt0629263,9,28,14.7
tt0629263,8,51,26.8
tt0629263,7,52,27.4
tt0629263,6,25,13.2
tt0629263,5,9,4.7
tt0629263,4,1,0.5
tt0629263,3,0,0.0
tt0629263,2,2,1.1
tt0629263,1,1,0.5
tt0629498,10,53,24.5
tt0629498,9,48,22.2
tt0629498,8,62,28.7
tt0629498,7,25,11.6
tt0629498,6,14,6.5
tt0629498,5,6,2.8
tt0629498,4,3,1.4
tt0629498,3,1,0.5
tt0629498,2,2,0.9
tt0629498,1,2,0.9
tt0629211,10,40,20.5
tt0629211,9,38,19.5
tt0629211,8,49,25.1
tt0629211,7,40,20.5
tt0629211,6,13,6.7
tt0629211,5,7,3.6
tt0629211,4,2,1.0
tt0629211,3,1,0.5
tt0629211,2,2,1.0
tt0629211,1,3,1.5
tt0629378,10,20,12.0
tt0629378,9,26,15.6
tt0629378,8,51,30.5
tt0629378,7,42,25.1
tt0629378,6,11,6.6
tt0629378,5,7,4.2
tt0629378,4,7,4.2
tt0629378,3,0,0.0
tt0629378,2,2,1.2
tt0629378,1,1,0.6
tt0629489,10,28,14.8
tt0629489,9,36,19.0
tt0629489,8,54,28.6
tt0629489,7,40,21.2
tt0629489,6,13,6.9
tt0629489,5,8,4.2
tt0629489,4,3,1.6
tt0629489,3,2,1.1
tt0629489,2,3,1.6
tt0629489,1,2,1.1
tt0629408,10,19,11.4
tt0629408,9,21,12.6
tt0629408,8,49,29.3
tt0629408,7,41,24.6
tt0629408,6,14,8.4
tt0629408,5,11,6.6
tt0629408,4,7,4.2
tt0629408,3,2,1.2
tt0629408,2,2,1.2
tt0629408,1,1,0.6
tt0629302,10,50,25.5
tt0629302,9,49,25.0
tt0629302,8,44,22.4
tt0629302,7,33,16.8
tt0629302,6,7,3.6
tt0629302,5,8,4.1
tt0629302,4,2,1.0
tt0629302,3,0,0.0
tt0629302,2,2,1.0
tt0629302,1,1,0.5
tt0629284,10,24,13.7
tt0629284,9,20,11.4
tt0629284,8,37,21.1
tt0629284,7,55,31.4
tt0629284,6,21,12.0
tt0629284,5,7,4.0
tt0629284,4,4,2.3
tt0629284,3,3,1.7
tt0629284,2,3,1.7
tt0629284,1,1,0.6
tt0629388,10,34,18.7
tt0629388,9,26,14.3
tt0629388,8,51,28.0
tt0629388,7,39,21.4
tt0629388,6,10,5.5
tt0629388,5,10,5.5
tt0629388,4,3,1.6
tt0629388,3,1,0.5
tt0629388,2,4,2.2
tt0629388,1,4,2.2
tt0629393,10,37,18.0
tt0629393,9,49,23.9
tt0629393,8,58,28.3
tt0629393,7,34,16.6
tt0629393,6,14,6.8
tt0629393,5,6,2.9
tt0629393,4,2,1.0
tt0629393,3,0,0.0
tt0629393,2,3,1.5
tt0629393,1,2,1.0
tt0629373,10,32,16.3
tt0629373,9,34,17.3
tt0629373,8,52,26.5
tt0629373,7,49,25.0
tt0629373,6,12,6.1
tt0629373,5,7,3.6
tt0629373,4,5,2.6
tt0629373,3,1,0.5
tt0629373,2,3,1.5
tt0629373,1,1,0.5
tt0629413,10,22,11.9
tt0629413,9,33,17.8
tt0629413,8,47,25.4
tt0629413,7,49,26.5
tt0629413,6,20,10.8
tt0629413,5,5,2.7
tt0629413,4,6,3.2
tt0629413,3,0,0.0
tt0629413,2,2,1.1
tt0629413,1,1,0.5
tt0629493,10,22,12.5
tt0629493,9,25,14.2
tt0629493,8,46,26.1
tt0629493,7,41,23.3
tt0629493,6,22,12.5
tt0629493,5,11,6.2
tt0629493,4,2,1.1
tt0629493,3,2,1.1
tt0629493,2,3,1.7
tt0629493,1,2,1.1
tt0629145,10,26,14.8
tt0629145,9,29,16.5
tt0629145,8,50,28.4
tt0629145,7,44,25.0
tt0629145,6,15,8.5
tt0629145,5,7,4.0
tt0629145,4,2,1.1
tt0629145,3,0,0.0
tt0629145,2,2,1.1
tt0629145,1,1,0.6
tt0629385,10,22,13.9
tt0629385,9,20,12.7
tt0629385,8,56,35.4
tt0629385,7,38,24.1
tt0629385,6,11,7.0
tt0629385,5,6,3.8
tt0629385,4,2,1.3
tt0629385,3,0,0.0
tt0629385,2,2,1.3
tt0629385,1,1,0.6
tt0629222,10,30,17.8
tt0629222,9,40,23.7
tt0629222,8,48,28.4
tt0629222,7,32,18.9
tt0629222,6,7,4.1
tt0629222,5,8,4.7
tt0629222,4,1,0.6
tt0629222,3,0,0.0
tt0629222,2,2,1.2
tt0629222,1,1,0.6
tt0629168,10,36,20.8
tt0629168,9,48,27.7
tt0629168,8,46,26.6
tt0629168,7,21,12.1
tt0629168,6,12,6.9
tt0629168,5,5,2.9
tt0629168,4,1,0.6
tt0629168,3,1,0.6
tt0629168,2,2,1.2
tt0629168,1,1,0.6
tt0629392,10,19,11.1
tt0629392,9,29,17.0
tt0629392,8,55,32.2
tt0629392,7,38,22.2
tt0629392,6,14,8.2
tt0629392,5,10,5.8
tt0629392,4,1,0.6
tt0629392,3,0,0.0
tt0629392,2,2,1.2
tt0629392,1,3,1.8
tt0629446,10,31,17.1
tt0629446,9,28,15.5
tt0629446,8,58,32.0
tt0629446,7,31,17.1
tt0629446,6,15,8.3
tt0629446,5,12,6.6
tt0629446,4,2,1.1
tt0629446,3,1,0.6
tt0629446,2,2,1.1
tt0629446,1,1,0.6
tt0629381,10,31,16.5
tt0629381,9,23,12.2
tt0629381,8,49,26.1
tt0629381,7,48,25.5
tt0629381,6,14,7.4
tt0629381,5,16,8.5
tt0629381,4,2,1.1
tt0629381,3,0,0.0
tt0629381,2,2,1.1
tt0629381,1,3,1.6
tt0629176,10,29,15.6
tt0629176,9,32,17.2
tt0629176,8,59,31.7
tt0629176,7,45,24.2
tt0629176,6,9,4.8
tt0629176,5,6,3.2
tt0629176,4,3,1.6
tt0629176,3,0,0.0
tt0629176,2,2,1.1
tt0629176,1,1,0.5
tt0629395,10,17,9.4
tt0629395,9,25,13.9
tt0629395,8,44,24.4
tt0629395,7,59,32.8
tt0629395,6,20,11.1
tt0629395,5,5,2.8
tt0629395,4,5,2.8
tt0629395,3,1,0.6
tt0629395,2,3,1.7
tt0629395,1,1,0.6
tt0629405,10,44,22.4
tt0629405,9,41,20.9
tt0629405,8,59,30.1
tt0629405,7,31,15.8
tt0629405,6,7,3.6
tt0629405,5,6,3.1
tt0629405,4,2,1.0
tt0629405,3,2,1.0
tt0629405,2,2,1.0
tt0629405,1,2,1.0
tt0629314,10,35,18.4
tt0629314,9,39,20.5
tt0629314,8,53,27.9
tt0629314,7,40,21.1
tt0629314,6,9,4.7
tt0629314,5,9,4.7
tt0629314,4,2,1.1
tt0629314,3,0,0.0
tt0629314,2,2,1.1
tt0629314,1,1,0.5
tt0629300,10,32,15.5
tt0629300,9,40,19.4
tt0629300,8,71,34.5
tt0629300,7,35,17.0
tt0629300,6,16,7.8
tt0629300,5,6,2.9
tt0629300,4,1,0.5
tt0629300,3,0,0.0
tt0629300,2,2,1.0
tt0629300,1,3,1.5
tt0629366,10,22,11.6
tt0629366,9,23,12.2
tt0629366,8,61,32.3
tt0629366,7,44,23.3
tt0629366,6,20,10.6
tt0629366,5,13,6.9
tt0629366,4,2,1.1
tt0629366,3,1,0.5
tt0629366,2,2,1.1
tt0629366,1,1,0.5
tt0629305,10,29,15.0
tt0629305,9,34,17.6
tt0629305,8,63,32.6
tt0629305,7,40,20.7
tt0629305,6,14,7.3
tt0629305,5,8,4.1
tt0629305,4,2,1.0
tt0629305,3,0,0.0
tt0629305,2,2,1.0
tt0629305,1,1,0.5
tt0629157,10,27,14.7
tt0629157,9,38,20.7
tt0629157,8,56,30.4
tt0629157,7,35,19.0
tt0629157,6,14,7.6
tt0629157,5,9,4.9
tt0629157,4,1,0.5
tt0629157,3,0,0.0
tt0629157,2,3,1.6
tt0629157,1,1,0.5
tt0629182,10,23,13.0
tt0629182,9,19,10.7
tt0629182,8,43,24.3
tt0629182,7,59,33.3
tt0629182,6,15,8.5
tt0629182,5,9,5.1
tt0629182,4,1,0.6
tt0629182,3,2,1.1
tt0629182,2,2,1.1
tt0629182,1,4,2.3
tt0629399,10,23,13.5
tt0629399,9,25,14.7
tt0629399,8,53,31.2
tt0629399,7,40,23.5
tt0629399,6,15,8.8
tt0629399,5,9,5.3
tt0629399,4,1,0.6
tt0629399,3,0,0.0
tt0629399,2,2,1.2
tt0629399,1,2,1.2
tt0629216,10,21,12.1
tt0629216,9,29,16.7
tt0629216,8,51,29.3
tt0629216,7,42,24.1
tt0629216,6,18,10.3
tt0629216,5,7,4.0
tt0629216,4,3,1.7
tt0629216,3,0,0.0
tt0629216,2,2,1.1
tt0629216,1,1,0.6
tt0629475,10,36,18.9
tt0629475,9,43,22.6
tt0629475,8,56,29.5
tt0629475,7,34,17.9
tt0629475,6,10,5.3
tt0629475,5,7,3.7
tt0629475,4,1,0.5
tt0629475,3,0,0.0
tt0629475,2,2,1.1
tt0629475,1,1,0.5
tt0629203,10,38,21.2
tt0629203,9,42,23.5
tt0629203,8,50,27.9
tt0629203,7,25,14.0
tt0629203,6,12,6.7
tt0629203,5,6,3.4
tt0629203,4,1,0.6
tt0629203,3,1,0.6
tt0629203,2,2,1.1
tt0629203,1,2,1.1
tt0629224,10,24,13.8
tt0629224,9,23,13.2
tt0629224,8,58,33.3
tt0629224,7,38,21.8
tt0629224,6,17,9.8
tt0629224,5,5,2.9
tt0629224,4,4,2.3
tt0629224,3,1,0.6
tt0629224,2,3,1.7
tt0629224,1,1,0.6
tt0629249,10,48,22.9
tt0629249,9,48,22.9
tt0629249,8,61,29.0
tt0629249,7,31,14.8
tt0629249,6,14,6.7
tt0629249,5,5,2.4
tt0629249,4,0,0.0
tt0629249,3,0,0.0
tt0629249,2,2,1.0
tt0629249,1,1,0.5
tt0629406,10,27,14.2
tt0629406,9,30,15.8
tt0629406,8,63,33.2
tt0629406,7,46,24.2
tt0629406,6,9,4.7
tt0629406,5,8,4.2
tt0629406,4,4,2.1
tt0629406,3,0,0.0
tt0629406,2,2,1.1
tt0629406,1,1,0.5
tt0629234,10,19,11.7
tt0629234,9,35,21.6
tt0629234,8,46,28.4
tt0629234,7,38,23.5
tt0629234,6,13,8.0
tt0629234,5,7,4.3
tt0629234,4,1,0.6
tt0629234,3,0,0.0
tt0629234,2,2,1.2
tt0629234,1,1,0.6
tt0629164,10,25,14.5
tt0629164,9,19,11.0
tt0629164,8,47,27.2
tt0629164,7,47,27.2
tt0629164,6,19,11.0
tt0629164,5,7,4.0
tt0629164,4,5,2.9
tt0629164,3,1,0.6
tt0629164,2,2,1.2
tt0629164,1,1,0.6
tt0629427,10,22,12.1
tt0629427,9,34,18.7
tt0629427,8,73,40.1
tt0629427,7,30,16.5
tt0629427,6,12,6.6
tt0629427,5,7,3.8
tt0629427,4,1,0.5
tt0629427,3,0,0.0
tt0629427,2,2,1.1
tt0629427,1,1,0.5
tt0629278,10,27,14.5
tt0629278,9,31,16.7
tt0629278,8,59,31.7
tt0629278,7,44,23.7
tt0629278,6,13,7.0
tt0629278,5,7,3.8
tt0629278,4,1,0.5
tt0629278,3,0,0.0
tt0629278,2,2,1.1
tt0629278,1,2,1.1
tt0629386,10,109,37.3
tt0629386,9,93,31.8
tt0629386,8,48,16.4
tt0629386,7,19,6.5
tt0629386,6,11,3.8
tt0629386,5,4,1.4
tt0629386,4,1,0.3
tt0629386,3,1,0.3
tt0629386,2,3,1.0
tt0629386,1,3,1.0
tt0629299,10,32,17.2
tt0629299,9,40,21.5
tt0629299,8,59,31.7
tt0629299,7,32,17.2
tt0629299,6,13,7.0
tt0629299,5,5,2.7
tt0629299,4,2,1.1
tt0629299,3,0,0.0
tt0629299,2,2,1.1
tt0629299,1,1,0.5
tt0629147,10,300,58.7
tt0629147,9,107,20.9
tt0629147,8,39,7.6
tt0629147,7,22,4.3
tt0629147,6,9,1.8
tt0629147,5,11,2.2
tt0629147,4,7,1.4
tt0629147,3,1,0.2
tt0629147,2,4,0.8
tt0629147,1,11,2.2
tt0629200,10,22,11.2
tt0629200,9,32,16.3
tt0629200,8,65,33.2
tt0629200,7,48,24.5
tt0629200,6,16,8.2
tt0629200,5,8,4.1
tt0629200,4,1,0.5
tt0629200,3,0,0.0
tt0629200,2,3,1.5
tt0629200,1,1,0.5
tt0629307,10,52,23.4
tt0629307,9,42,18.9
tt0629307,8,68,30.6
tt0629307,7,31,14.0
tt0629307,6,11,5.0
tt0629307,5,10,4.5
tt0629307,4,2,0.9
tt0629307,3,0,0.0
tt0629307,2,3,1.4
tt0629307,1,3,1.4
tt0629281,10,20,10.8
tt0629281,9,27,14.5
tt0629281,8,52,28.0
tt0629281,7,46,24.7
tt0629281,6,18,9.7
tt0629281,5,12,6.5
tt0629281,4,3,1.6
tt0629281,3,1,0.5
tt0629281,2,3,1.6
tt0629281,1,4,2.2
tt0629443,10,37,18.7
tt0629443,9,32,16.2
tt0629443,8,51,25.8
tt0629443,7,47,23.7
tt0629443,6,15,7.6
tt0629443,5,11,5.6
tt0629443,4,0,0.0
tt0629443,3,1,0.5
tt0629443,2,3,1.5
tt0629443,1,1,0.5
tt0629217,10,39,21.0
tt0629217,9,41,22.0
tt0629217,8,54,29.0
tt0629217,7,32,17.2
tt0629217,6,10,5.4
tt0629217,5,6,3.2
tt0629217,4,0,0.0
tt0629217,3,0,0.0
tt0629217,2,3,1.6
tt0629217,1,1,0.5
tt0629243,10,25,14.0
tt0629243,9,38,21.3
tt0629243,8,54,30.3
tt0629243,7,34,19.1
tt0629243,6,15,8.4
tt0629243,5,7,3.9
tt0629243,4,1,0.6
tt0629243,3,0,0.0
tt0629243,2,2,1.1
tt0629243,1,2,1.1
tt0629233,10,15,9.3
tt0629233,9,25,15.4
tt0629233,8,53,32.7
tt0629233,7,41,25.3
tt0629233,6,9,5.6
tt0629233,5,8,4.9
tt0629233,4,6,3.7
tt0629233,3,0,0.0
tt0629233,2,2,1.2
tt0629233,1,3,1.9
tt0629261,10,14,8.5
tt0629261,9,15,9.1
tt0629261,8,36,21.8
tt0629261,7,48,29.1
tt0629261,6,34,20.6
tt0629261,5,5,3.0
tt0629261,4,1,0.6
tt0629261,3,4,2.4
tt0629261,2,4,2.4
tt0629261,1,4,2.4
tt0629253,10,15,9.9
tt0629253,9,13,8.6
tt0629253,8,25,16.4
tt0629253,7,53,34.9
tt0629253,6,25,16.4
tt0629253,5,10,6.6
tt0629253,4,3,2.0
tt0629253,3,2,1.3
tt0629253,2,3,2.0
tt0629253,1,3,2.0
tt0629326,10,37,19.0
tt0629326,9,45,23.1
tt0629326,8,57,29.2
tt0629326,7,34,17.4
tt0629326,6,10,5.1
tt0629326,5,7,3.6
tt0629326,4,1,0.5
tt0629326,3,0,0.0
tt0629326,2,2,1.0
tt0629326,1,2,1.0
tt0629341,10,22,13.0
tt0629341,9,38,22.5
tt0629341,8,45,26.6
tt0629341,7,36,21.3
tt0629341,6,11,6.5
tt0629341,5,10,5.9
tt0629341,4,3,1.8
tt0629341,3,1,0.6
tt0629341,2,2,1.2
tt0629341,1,1,0.6
tt0629171,10,30,18.5
tt0629171,9,31,19.1
tt0629171,8,44,27.2
tt0629171,7,33,20.4
tt0629171,6,12,7.4
tt0629171,5,6,3.7
tt0629171,4,1,0.6
tt0629171,3,1,0.6
tt0629171,2,3,1.9
tt0629171,1,1,0.6
tt0629338,10,26,14.9
tt0629338,9,42,24.1
tt0629338,8,51,29.3
tt0629338,7,35,20.1
tt0629338,6,11,6.3
tt0629338,5,5,2.9
tt0629338,4,1,0.6
tt0629338,3,0,0.0
tt0629338,2,2,1.1
tt0629338,1,1,0.6
tt0629501,10,21,13.0
tt0629501,9,26,16.1
tt0629501,8,49,30.4
tt0629501,7,37,23.0
tt0629501,6,17,10.6
tt0629501,5,6,3.7
tt0629501,4,2,1.2
tt0629501,3,0,0.0
tt0629501,2,2,1.2
tt0629501,1,1,0.6
tt0629316,10,33,17.4
tt0629316,9,37,19.5
tt0629316,8,50,26.3
tt0629316,7,40,21.1
tt0629316,6,15,7.9
tt0629316,5,11,5.8
tt0629316,4,0,0.0
tt0629316,3,0,0.0
tt0629316,2,2,1.1
tt0629316,1,2,1.1
tt0629318,10,40,20.7
tt0629318,9,34,17.6
tt0629318,8,57,29.5
tt0629318,7,34,17.6
tt0629318,6,14,7.3
tt0629318,5,9,4.7
tt0629318,4,0,0.0
tt0629318,3,0,0.0
tt0629318,2,3,1.6
tt0629318,1,2,1.0
tt0629317,10,57,29.2
tt0629317,9,41,21.0
tt0629317,8,49,25.1
tt0629317,7,29,14.9
tt0629317,6,8,4.1
tt0629317,5,7,3.6
tt0629317,4,1,0.5
tt0629317,3,0,0.0
tt0629317,2,2,1.0
tt0629317,1,1,0.5
tt0629332,10,54,26.3
tt0629332,9,46,22.4
tt0629332,8,55,26.8
tt0629332,7,25,12.2
tt0629332,6,8,3.9
tt0629332,5,9,4.4
tt0629332,4,1,0.5
tt0629332,3,3,1.5
tt0629332,2,3,1.5
tt0629332,1,1,0.5
tt0629244,10,46,26.1
tt0629244,9,53,30.1
tt0629244,8,38,21.6
tt0629244,7,23,13.1
tt0629244,6,6,3.4
tt0629244,5,7,4.0
tt0629244,4,0,0.0
tt0629244,3,0,0.0
tt0629244,2,2,1.1
tt0629244,1,1,0.6
tt0629494,10,41,22.8
tt0629494,9,52,28.9
tt0629494,8,39,21.7
tt0629494,7,29,16.1
tt0629494,6,6,3.3
tt0629494,5,8,4.4
tt0629494,4,1,0.6
tt0629494,3,0,0.0
tt0629494,2,2,1.1
tt0629494,1,2,1.1
tt0629367,10,18,11.5
tt0629367,9,18,11.5
tt0629367,8,35,22.4
tt0629367,7,53,34.0
tt0629367,6,17,10.9
tt0629367,5,10,6.4
tt0629367,4,2,1.3
tt0629367,3,0,0.0
tt0629367,2,2,1.3
tt0629367,1,1,0.6
tt0629368,10,24,14.9
tt0629368,9,23,14.3
tt0629368,8,50,31.1
tt0629368,7,40,24.8
tt0629368,6,12,7.5
tt0629368,5,8,5.0
tt0629368,4,1,0.6
tt0629368,3,0,0.0
tt0629368,2,2,1.2
tt0629368,1,1,0.6
tt0629450,10,54,29.3
tt0629450,9,41,22.3
tt0629450,8,37,20.1
tt0629450,7,32,17.4
tt0629450,6,9,4.9
tt0629450,5,7,3.8
tt0629450,4,1,0.5
tt0629450,3,0,0.0
tt0629450,2,2,1.1
tt0629450,1,1,0.5
tt0629471,10,35,17.2
tt0629471,9,36,17.6
tt0629471,8,62,30.4
tt0629471,7,41,20.1
tt0629471,6,16,7.8
tt0629471,5,5,2.5
tt0629471,4,2,1.0
tt0629471,3,1,0.5
tt0629471,2,3,1.5
tt0629471,1,3,1.5
tt0629236,10,19,11.0
tt0629236,9,22,12.8
tt0629236,8,47,27.3
tt0629236,7,45,26.2
tt0629236,6,15,8.7
tt0629236,5,9,5.2
tt0629236,4,5,2.9
tt0629236,3,1,0.6
tt0629236,2,5,2.9
tt0629236,1,4,2.3
tt0629352,10,24,12.6
tt0629352,9,22,11.6
tt0629352,8,66,34.7
tt0629352,7,44,23.2
tt0629352,6,20,10.5
tt0629352,5,9,4.7
tt0629352,4,1,0.5
tt0629352,3,0,0.0
tt0629352,2,2,1.1
tt0629352,1,2,1.1
tt0629290,10,31,16.2
tt0629290,9,50,26.2
tt0629290,8,59,30.9
tt0629290,7,34,17.8
tt0629290,6,6,3.1
tt0629290,5,5,2.6
tt0629290,4,2,1.0
tt0629290,3,0,0.0
tt0629290,2,3,1.6
tt0629290,1,1,0.5
tt0629356,10,36,19.1
tt0629356,9,30,16.0
tt0629356,8,57,30.3
tt0629356,7,30,16.0
tt0629356,6,16,8.5
tt0629356,5,9,4.8
tt0629356,4,3,1.6
tt0629356,3,0,0.0
tt0629356,2,2,1.1
tt0629356,1,5,2.7
tt0629167,10,28,15.6
tt0629167,9,34,18.9
tt0629167,8,46,25.6
tt0629167,7,44,24.4
tt0629167,6,14,7.8
tt0629167,5,6,3.3
tt0629167,4,3,1.7
tt0629167,3,0,0.0
tt0629167,2,2,1.1
tt0629167,1,3,1.7
tt0629180,10,52,22.3
tt0629180,9,68,29.2
tt0629180,8,58,24.9
tt0629180,7,29,12.4
tt0629180,6,9,3.9
tt0629180,5,9,3.9
tt0629180,4,3,1.3
tt0629180,3,1,0.4
tt0629180,2,2,0.9
tt0629180,1,2,0.9
tt0629417,10,49,24.0
tt0629417,9,46,22.5
tt0629417,8,56,27.5
tt0629417,7,31,15.2
tt0629417,6,9,4.4
tt0629417,5,7,3.4
tt0629417,4,1,0.5
tt0629417,3,1,0.5
tt0629417,2,2,1.0
tt0629417,1,2,1.0
tt0629194,10,21,11.5
tt0629194,9,34,18.7
tt0629194,8,58,31.9
tt0629194,7,42,23.1
tt0629194,6,14,7.7
tt0629194,5,8,4.4
tt0629194,4,2,1.1
tt0629194,3,0,0.0
tt0629194,2,2,1.1
tt0629194,1,1,0.5
tt0629403,10,29,16.3
tt0629403,9,28,15.7
tt0629403,8,61,34.3
tt0629403,7,34,19.1
tt0629403,6,13,7.3
tt0629403,5,10,5.6
tt0629403,4,0,0.0
tt0629403,3,0,0.0
tt0629403,2,2,1.1
tt0629403,1,1,0.6
tt0629481,10,42,21.9
tt0629481,9,43,22.4
tt0629481,8,58,30.2
tt0629481,7,27,14.1
tt0629481,6,10,5.2
tt0629481,5,5,2.6
tt0629481,4,0,0.0
tt0629481,3,0,0.0
tt0629481,2,2,1.0
tt0629481,1,5,2.6
tt0629258,10,17,9.7
tt0629258,9,27,15.4
tt0629258,8,47,26.9
tt0629258,7,50,28.6
tt0629258,6,16,9.1
tt0629258,5,13,7.4
tt0629258,4,2,1.1
tt0629258,3,0,0.0
tt0629258,2,2,1.1
tt0629258,1,1,0.6
tt0629199,10,20,11.1
tt0629199,9,13,7.2
tt0629199,8,35,19.4
tt0629199,7,46,25.6
tt0629199,6,31,17.2
tt0629199,5,24,13.3
tt0629199,4,4,2.2
tt0629199,3,1,0.6
tt0629199,2,4,2.2
tt0629199,1,2,1.1
tt0629283,10,27,14.9
tt0629283,9,29,16.0
tt0629283,8,51,28.2
tt0629283,7,46,25.4
tt0629283,6,18,9.9
tt0629283,5,6,3.3
tt0629283,4,1,0.6
tt0629283,3,0,0.0
tt0629283,2,2,1.1
tt0629283,1,1,0.6
tt0629260,10,24,14.5
tt0629260,9,32,19.3
tt0629260,8,50,30.1
tt0629260,7,40,24.1
tt0629260,6,8,4.8
tt0629260,5,7,4.2
tt0629260,4,1,0.6
tt0629260,3,0,0.0
tt0629260,2,2,1.2
tt0629260,1,2,1.2
tt0629242,10,34,19.2
tt0629242,9,30,16.9
tt0629242,8,52,29.4
tt0629242,7,40,22.6
tt0629242,6,7,4.0
tt0629242,5,9,5.1
tt0629242,4,2,1.1
tt0629242,3,0,0.0
tt0629242,2,2,1.1
tt0629242,1,1,0.6
tt0629198,10,21,12.5
tt0629198,9,30,17.9
tt0629198,8,59,35.1
tt0629198,7,35,20.8
tt0629198,6,10,6.0
tt0629198,5,9,5.4
tt0629198,4,0,0.0
tt0629198,3,0,0.0
tt0629198,2,3,1.8
tt0629198,1,1,0.6
tt0629433,10,30,17.8
tt0629433,9,29,17.2
tt0629433,8,55,32.5
tt0629433,7,32,18.9
tt0629433,6,11,6.5
tt0629433,5,8,4.7
tt0629433,4,1,0.6
tt0629433,3,0,0.0
tt0629433,2,2,1.2
tt0629433,1,1,0.6
tt0629238,10,21,13.6
tt0629238,9,21,13.6
tt0629238,8,41,26.6
tt0629238,7,37,24.0
tt0629238,6,19,12.3
tt0629238,5,9,5.8
tt0629238,4,2,1.3
tt0629238,3,0,0.0
tt0629238,2,2,1.3
tt0629238,1,2,1.3
tt0629192,10,16,10.3
tt0629192,9,19,12.2
tt0629192,8,48,30.8
tt0629192,7,43,27.6
tt0629192,6,11,7.1
tt0629192,5,10,6.4
tt0629192,4,2,1.3
tt0629192,3,2,1.3
tt0629192,2,2,1.3
tt0629192,1,3,1.9
tt0629169,10,20,10.9
tt0629169,9,39,21.3
tt0629169,8,49,26.8
tt0629169,7,52,28.4
tt0629169,6,9,4.9
tt0629169,5,10,5.5
tt0629169,4,0,0.0
tt0629169,3,0,0.0
tt0629169,2,2,1.1
tt0629169,1,2,1.1
tt0629229,10,38,18.7
tt0629229,9,54,26.6
tt0629229,8,60,29.6
tt0629229,7,29,14.3
tt0629229,6,9,4.4
tt0629229,5,6,3.0
tt0629229,4,2,1.0
tt0629229,3,2,1.0
tt0629229,2,2,1.0
tt0629229,1,1,0.5
tt0629447,10,14,8.8
tt0629447,9,16,10.1
tt0629447,8,45,28.3
tt0629447,7,47,29.6
tt0629447,6,16,10.1
tt0629447,5,12,7.5
tt0629447,4,4,2.5
tt0629447,3,0,0.0
tt0629447,2,2,1.3
tt0629447,1,3,1.9
tt0629345,10,24,14.0
tt0629345,9,36,20.9
tt0629345,8,49,28.5
tt0629345,7,37,21.5
tt0629345,6,10,5.8
tt0629345,5,9,5.2
tt0629345,4,2,1.2
tt0629345,3,0,0.0
tt0629345,2,3,1.7
tt0629345,1,2,1.2
tt0629204,10,36,17.7
tt0629204,9,39,19.2
tt0629204,8,64,31.5
tt0629204,7,35,17.2
tt0629204,6,13,6.4
tt0629204,5,9,4.4
tt0629204,4,3,1.5
tt0629204,3,0,0.0
tt0629204,2,2,1.0
tt0629204,1,2,1.0
tt0629228,10,32,18.1
tt0629228,9,40,22.6
tt0629228,8,49,27.7
tt0629228,7,30,16.9
tt0629228,6,10,5.6
tt0629228,5,10,5.6
tt0629228,4,0,0.0
tt0629228,3,1,0.6
tt0629228,2,3,1.7
tt0629228,1,2,1.1
tt0629170,10,20,12.6
tt0629170,9,20,12.6
tt0629170,8,47,29.6
tt0629170,7,47,29.6
tt0629170,6,11,6.9
tt0629170,5,8,5.0
tt0629170,4,2,1.3
tt0629170,3,0,0.0
tt0629170,2,3,1.9
tt0629170,1,1,0.6
tt0629266,10,25,15.2
tt0629266,9,33,20.0
tt0629266,8,52,31.5
tt0629266,7,31,18.8
tt0629266,6,11,6.7
tt0629266,5,10,6.1
tt0629266,4,0,0.0
tt0629266,3,0,0.0
tt0629266,2,2,1.2
tt0629266,1,1,0.6
tt0629149,10,43,23.0
tt0629149,9,48,25.7
tt0629149,8,47,25.1
tt0629149,7,30,16.0
tt0629149,6,10,5.3
tt0629149,5,5,2.7
tt0629149,4,1,0.5
tt0629149,3,0,0.0
tt0629149,2,2,1.1
tt0629149,1,1,0.5
tt0629409,10,23,13.1
tt0629409,9,28,15.9
tt0629409,8,53,30.1
tt0629409,7,38,21.6
tt0629409,6,20,11.4
tt0629409,5,7,4.0
tt0629409,4,2,1.1
tt0629409,3,2,1.1
tt0629409,2,2,1.1
tt0629409,1,1,0.6
tt0629487,10,29,15.8
tt0629487,9,24,13.1
tt0629487,8,62,33.9
tt0629487,7,38,20.8
tt0629487,6,15,8.2
tt0629487,5,8,4.4
tt0629487,4,2,1.1
tt0629487,3,1,0.5
tt0629487,2,2,1.1
tt0629487,1,2,1.1
tt0629391,10,53,26.1
tt0629391,9,42,20.7
tt0629391,8,53,26.1
tt0629391,7,31,15.3
tt0629391,6,10,4.9
tt0629391,5,6,3.0
tt0629391,4,4,2.0
tt0629391,3,0,0.0
tt0629391,2,3,1.5
tt0629391,1,1,0.5
tt0629477,10,33,17.7
tt0629477,9,36,19.4
tt0629477,8,50,26.9
tt0629477,7,35,18.8
tt0629477,6,14,7.5
tt0629477,5,6,3.2
tt0629477,4,3,1.6
tt0629477,3,2,1.1
tt0629477,2,3,1.6
tt0629477,1,4,2.2
tt0629291,10,23,13.2
tt0629291,9,39,22.4
tt0629291,8,56,32.2
tt0629291,7,29,16.7
tt0629291,6,11,6.3
tt0629291,5,8,4.6
tt0629291,4,2,1.1
tt0629291,3,1,0.6
tt0629291,2,2,1.1
tt0629291,1,3,1.7
tt0629394,10,35,19.3
tt0629394,9,36,19.9
tt0629394,8,58,32.0
tt0629394,7,30,16.6
tt0629394,6,11,6.1
tt0629394,5,6,3.3
tt0629394,4,2,1.1
tt0629394,3,0,0.0
tt0629394,2,2,1.1
tt0629394,1,1,0.6
tt0629292,10,19,12.0
tt0629292,9,21,13.3
tt0629292,8,38,24.1
tt0629292,7,46,29.1
tt0629292,6,19,12.0
tt0629292,5,9,5.7
tt0629292,4,2,1.3
tt0629292,3,1,0.6
tt0629292,2,2,1.3
tt0629292,1,1,0.6
tt0629306,10,25,15.6
tt0629306,9,23,14.4
tt0629306,8,45,28.1
tt0629306,7,44,27.5
tt0629306,6,10,6.2
tt0629306,5,10,6.2
tt0629306,4,0,0.0
tt0629306,3,0,0.0
tt0629306,2,2,1.2
tt0629306,1,1,0.6
tt0629422,10,38,23.8
tt0629422,9,28,17.5
tt0629422,8,42,26.2
tt0629422,7,29,18.1
tt0629422,6,9,5.6
tt0629422,5,7,4.4
tt0629422,4,1,0.6
tt0629422,3,1,0.6
tt0629422,2,3,1.9
tt0629422,1,2,1.2
tt0629239,10,21,12.8
tt0629239,9,17,10.4
tt0629239,8,42,25.6
tt0629239,7,50,30.5
tt0629239,6,15,9.1
tt0629239,5,10,6.1
tt0629239,4,5,3.0
tt0629239,3,1,0.6
tt0629239,2,2,1.2
tt0629239,1,1,0.6
tt0629289,10,29,19.0
tt0629289,9,23,15.0
tt0629289,8,42,27.5
tt0629289,7,31,20.3
tt0629289,6,12,7.8
tt0629289,5,13,8.5
tt0629289,4,0,0.0
tt0629289,3,0,0.0
tt0629289,2,2,1.3
tt0629289,1,1,0.7
tt0629420,10,24,15.4
tt0629420,9,22,14.1
tt0629420,8,39,25.0
tt0629420,7,41,26.3
tt0629420,6,16,10.3
tt0629420,5,8,5.1
tt0629420,4,1,0.6
tt0629420,3,1,0.6
tt0629420,2,2,1.3
tt0629420,1,2,1.3
tt0629321,10,26,15.7
tt0629321,9,20,12.0
tt0629321,8,56,33.7
tt0629321,7,42,25.3
tt0629321,6,7,4.2
tt0629321,5,11,6.6
tt0629321,4,0,0.0
tt0629321,3,1,0.6
tt0629321,2,2,1.2
tt0629321,1,1,0.6
tt0629448,10,37,19.5
tt0629448,9,44,23.2
tt0629448,8,58,30.5
tt0629448,7,29,15.3
tt0629448,6,7,3.7
tt0629448,5,9,4.7
tt0629448,4,1,0.5
tt0629448,3,1,0.5
tt0629448,2,3,1.6
tt0629448,1,1,0.5
tt0629248,10,37,17.0
tt0629248,9,36,16.5
tt0629248,8,64,29.4
tt0629248,7,36,16.5
tt0629248,6,19,8.7
tt0629248,5,13,6.0
tt0629248,4,2,0.9
tt0629248,3,2,0.9
tt0629248,2,4,1.8
tt0629248,1,5,2.3
tt0629153,10,22,13.6
tt0629153,9,31,19.1
tt0629153,8,55,34.0
tt0629153,7,26,16.0
tt0629153,6,12,7.4
tt0629153,5,11,6.8
tt0629153,4,1,0.6
tt0629153,3,0,0.0
tt0629153,2,3,1.9
tt0629153,1,1,0.6
tt0629146,10,20,12.7
tt0629146,9,16,10.2
tt0629146,8,53,33.8
tt0629146,7,40,25.5
tt0629146,6,13,8.3
tt0629146,5,7,4.5
tt0629146,4,3,1.9
tt0629146,3,1,0.6
tt0629146,2,3,1.9
tt0629146,1,1,0.6
tt0629397,10,64,32.2
tt0629397,9,55,27.6
tt0629397,8,40,20.1
tt0629397,7,27,13.6
tt0629397,6,3,1.5
tt0629397,5,5,2.5
tt0629397,4,1,0.5
tt0629397,3,0,0.0
tt0629397,2,2,1.0
tt0629397,1,2,1.0
tt0629398,10,72,35.3
tt0629398,9,59,28.9
tt0629398,8,37,18.1
tt0629398,7,20,9.8
tt0629398,6,7,3.4
tt0629398,5,6,2.9
tt0629398,4,0,0.0
tt0629398,3,0,0.0
tt0629398,2,2,1.0
tt0629398,1,1,0.5
tt0629286,10,36,17.1
tt0629286,9,41,19.4
tt0629286,8,64,30.3
tt0629286,7,35,16.6
tt0629286,6,14,6.6
tt0629286,5,7,3.3
tt0629286,4,3,1.4
tt0629286,3,1,0.5
tt0629286,2,2,0.9
tt0629286,1,8,3.8
tt0629324,10,69,27.3
tt0629324,9,67,26.5
tt0629324,8,68,26.9
tt0629324,7,27,10.7
tt0629324,6,12,4.7
tt0629324,5,5,2.0
tt0629324,4,2,0.8
tt0629324,3,0,0.0
tt0629324,2,2,0.8
tt0629324,1,1,0.4
tt0629226,10,28,14.4
tt0629226,9,41,21.0
tt0629226,8,64,32.8
tt0629226,7,34,17.4
tt0629226,6,17,8.7
tt0629226,5,5,2.6
tt0629226,4,1,0.5
tt0629226,3,0,0.0
tt0629226,2,3,1.5
tt0629226,1,2,1.0
tt0629342,10,35,17.9
tt0629342,9,30,15.3
tt0629342,8,65,33.2
tt0629342,7,33,16.8
tt0629342,6,17,8.7
tt0629342,5,8,4.1
tt0629342,4,2,1.0
tt0629342,3,1,0.5
tt0629342,2,3,1.5
tt0629342,1,2,1.0
tt0629320,10,32,18.2
tt0629320,9,37,21.0
tt0629320,8,52,29.5
tt0629320,7,37,21.0
tt0629320,6,10,5.7
tt0629320,5,4,2.3
tt0629320,4,1,0.6
tt0629320,3,0,0.0
tt0629320,2,2,1.1
tt0629320,1,1,0.6
tt0629335,10,40,20.1
tt0629335,9,45,22.6
tt0629335,8,60,30.2
tt0629335,7,31,15.6
tt0629335,6,11,5.5
tt0629335,5,6,3.0
tt0629335,4,0,0.0
tt0629335,3,0,0.0
tt0629335,2,3,1.5
tt0629335,1,3,1.5
tt0629371,10,47,21.0
tt0629371,9,53,23.7
tt0629371,8,63,28.1
tt0629371,7,40,17.9
tt0629371,6,7,3.1
tt0629371,5,8,3.6
tt0629371,4,0,0.0
tt0629371,3,0,0.0
tt0629371,2,2,0.9
tt0629371,1,4,1.8
tt0629183,10,39,19.0
tt0629183,9,46,22.4
tt0629183,8,63,30.7
tt0629183,7,34,16.6
tt0629183,6,11,5.4
tt0629183,5,7,3.4
tt0629183,4,2,1.0
tt0629183,3,0,0.0
tt0629183,2,2,1.0
tt0629183,1,1,0.5
tt0629441,10,20,11.0
tt0629441,9,27,14.8
tt0629441,8,60,33.0
tt0629441,7,48,26.4
tt0629441,6,15,8.2
tt0629441,5,8,4.4
tt0629441,4,0,0.0
tt0629441,3,0,0.0
tt0629441,2,2,1.1
tt0629441,1,2,1.1
tt0629330,10,37,18.8
tt0629330,9,34,17.3
tt0629330,8,56,28.4
tt0629330,7,45,22.8
tt0629330,6,10,5.1
tt0629330,5,8,4.1
tt0629330,4,3,1.5
tt0629330,3,0,0.0
tt0629330,2,2,1.0
tt0629330,1,2,1.0
tt0629207,10,19,11.9
tt0629207,9,18,11.3
tt0629207,8,38,23.9
tt0629207,7,48,30.2
tt0629207,6,21,13.2
tt0629207,5,8,5.0
tt0629207,4,1,0.6
tt0629207,3,3,1.9
tt0629207,2,2,1.3
tt0629207,1,1,0.6
tt0629348,10,26,14.5
tt0629348,9,16,8.9
tt0629348,8,47,26.3
tt0629348,7,49,27.4
tt0629348,6,25,14.0
tt0629348,5,4,2.2
tt0629348,4,5,2.8
tt0629348,3,3,1.7
tt0629348,2,2,1.1
tt0629348,1,2,1.1
tt0629364,10,24,13.3
tt0629364,9,25,13.8
tt0629364,8,44,24.3
tt0629364,7,46,25.4
tt0629364,6,18,9.9
tt0629364,5,11,6.1
tt0629364,4,3,1.7
tt0629364,3,3,1.7
tt0629364,2,2,1.1
tt0629364,1,5,2.8
tt0629252,10,27,15.2
tt0629252,9,23,12.9
tt0629252,8,47,26.4
tt0629252,7,48,27.0
tt0629252,6,16,9.0
tt0629252,5,11,6.2
tt0629252,4,1,0.6
tt0629252,3,0,0.0
tt0629252,2,2,1.1
tt0629252,1,3,1.7
tt0629269,10,54,24.2
tt0629269,9,53,23.8
tt0629269,8,68,30.5
tt0629269,7,24,10.8
tt0629269,6,13,5.8
tt0629269,5,5,2.2
tt0629269,4,0,0.0
tt0629269,3,0,0.0
tt0629269,2,2,0.9
tt0629269,1,4,1.8
tt0629473,10,18,11.2
tt0629473,9,27,16.8
tt0629473,8,43,26.7
tt0629473,7,46,28.6
tt0629473,6,13,8.1
tt0629473,5,7,4.3
tt0629473,4,4,2.5
tt0629473,3,0,0.0
tt0629473,2,2,1.2
tt0629473,1,1,0.6
tt0629178,10,29,17.6
tt0629178,9,21,12.7
tt0629178,8,50,30.3
tt0629178,7,35,21.2
tt0629178,6,18,10.9
tt0629178,5,8,4.8
tt0629178,4,1,0.6
tt0629178,3,0,0.0
tt0629178,2,2,1.2
tt0629178,1,1,0.6
tt0629340,10,30,16.4
tt0629340,9,20,10.9
tt0629340,8,64,35.0
tt0629340,7,39,21.3
tt0629340,6,12,6.6
tt0629340,5,14,7.7
tt0629340,4,1,0.5
tt0629340,3,0,0.0
tt0629340,2,2,1.1
tt0629340,1,1,0.5
tt0629442,10,14,8.4
tt0629442,9,17,10.2
tt0629442,8,55,33.1
tt0629442,7,46,27.7
tt0629442,6,18,10.8
tt0629442,5,9,5.4
tt0629442,4,3,1.8
tt0629442,3,1,0.6
tt0629442,2,2,1.2
tt0629442,1,1,0.6
tt0629483,10,13,8.4
tt0629483,9,21,13.5
tt0629483,8,26,16.8
tt0629483,7,62,40.0
tt0629483,6,17,11.0
tt0629483,5,9,5.8
tt0629483,4,3,1.9
tt0629483,3,1,0.6
tt0629483,2,2,1.3
tt0629483,1,1,0.6
tt0629351,10,12,8.4
tt0629351,9,20,14.0
tt0629351,8,40,28.0
tt0629351,7,44,30.8
tt0629351,6,14,9.8
tt0629351,5,8,5.6
tt0629351,4,2,1.4
tt0629351,3,0,0.0
tt0629351,2,2,1.4
tt0629351,1,1,0.7
tt0629296,10,16,10.0
tt0629296,9,26,16.2
tt0629296,8,49,30.6
tt0629296,7,40,25.0
tt0629296,6,13,8.1
tt0629296,5,12,7.5
tt0629296,4,1,0.6
tt0629296,3,0,0.0
tt0629296,2,2,1.2
tt0629296,1,1,0.6
tt0629437,10,18,11.1
tt0629437,9,22,13.6
tt0629437,8,51,31.5
tt0629437,7,45,27.8
tt0629437,6,11,6.8
tt0629437,5,9,5.6
tt0629437,4,1,0.6
tt0629437,3,2,1.2
tt0629437,2,2,1.2
tt0629437,1,1,0.6
tt0629484,10,42,22.6
tt0629484,9,30,16.1
tt0629484,8,47,25.3
tt0629484,7,27,14.5
tt0629484,6,17,9.1
tt0629484,5,11,5.9
tt0629484,4,3,1.6
tt0629484,3,1,0.5
tt0629484,2,4,2.2
tt0629484,1,4,2.2
tt0629250,10,26,15.6
tt0629250,9,34,20.4
tt0629250,8,61,36.5
tt0629250,7,27,16.2
tt0629250,6,6,3.6
tt0629250,5,7,4.2
tt0629250,4,1,0.6
tt0629250,3,0,0.0
tt0629250,2,3,1.8
tt0629250,1,2,1.2
tt0629479,10,18,11.2
tt0629479,9,23,14.3
tt0629479,8,44,27.3
tt0629479,7,55,34.2
tt0629479,6,5,3.1
tt0629479,5,6,3.7
tt0629479,4,6,3.7
tt0629479,3,1,0.6
tt0629479,2,2,1.2
tt0629479,1,1,0.6
tt0629241,10,20,12.5
tt0629241,9,19,11.9
tt0629241,8,47,29.4
tt0629241,7,45,28.1
tt0629241,6,18,11.2
tt0629241,5,7,4.4
tt0629241,4,1,0.6
tt0629241,3,0,0.0
tt0629241,2,2,1.2
tt0629241,1,1,0.6
tt0629434,10,19,13.4
tt0629434,9,22,15.5
tt0629434,8,41,28.9
tt0629434,7,35,24.6
tt0629434,6,14,9.9
tt0629434,5,6,4.2
tt0629434,4,1,0.7
tt0629434,3,0,0.0
tt0629434,2,2,1.4
tt0629434,1,2,1.4
tt0629401,10,17,10.8
tt0629401,9,18,11.4
tt0629401,8,52,32.9
tt0629401,7,42,26.6
tt0629401,6,14,8.9
tt0629401,5,6,3.8
tt0629401,4,2,1.3
tt0629401,3,2,1.3
tt0629401,2,2,1.3
tt0629401,1,3,1.9
tt0629193,10,23,14.2
tt0629193,9,28,17.3
tt0629193,8,51,31.5
tt0629193,7,42,25.9
tt0629193,6,5,3.1
tt0629193,5,7,4.3
tt0629193,4,1,0.6
tt0629193,3,0,0.0
tt0629193,2,2,1.2
tt0629193,1,3,1.9
tt0629154,10,18,11.5
tt0629154,9,33,21.0
tt0629154,8,50,31.8
tt0629154,7,34,21.7
tt0629154,6,9,5.7
tt0629154,5,10,6.4
tt0629154,4,0,0.0
tt0629154,3,0,0.0
tt0629154,2,2,1.3
tt0629154,1,1,0.6
tt0629470,10,21,13.5
tt0629470,9,16,10.3
tt0629470,8,38,24.4
tt0629470,7,49,31.4
tt0629470,6,14,9.0
tt0629470,5,11,7.1
tt0629470,4,2,1.3
tt0629470,3,0,0.0
tt0629470,2,2,1.3
tt0629470,1,3,1.9
tt0629304,10,44,22.9
tt0629304,9,51,26.6
tt0629304,8,51,26.6
tt0629304,7,32,16.7
tt0629304,6,5,2.6
tt0629304,5,6,3.1
tt0629304,4,0,0.0
tt0629304,3,0,0.0
tt0629304,2,2,1.0
tt0629304,1,1,0.5
tt0629500,10,15,9.9
tt0629500,9,16,10.6
tt0629500,8,24,15.9
tt0629500,7,49,32.5
tt0629500,6,25,16.6
tt0629500,5,16,10.6
tt0629500,4,1,0.7
tt0629500,3,0,0.0
tt0629500,2,3,2.0
tt0629500,1,2,1.3
tt0629440,10,15,10.9
tt0629440,9,9,6.6
tt0629440,8,33,24.1
tt0629440,7,49,35.8
tt0629440,6,20,14.6
tt0629440,5,6,4.4
tt0629440,4,1,0.7
tt0629440,3,1,0.7
tt0629440,2,2,1.5
tt0629440,1,1,0.7
tt0629449,10,27,15.4
tt0629449,9,43,24.6
tt0629449,8,49,28.0
tt0629449,7,29,16.6
tt0629449,6,13,7.4
tt0629449,5,9,5.1
tt0629449,4,1,0.6
tt0629449,3,0,0.0
tt0629449,2,2,1.1
tt0629449,1,2,1.1
tt0629374,10,19,13.1
tt0629374,9,25,17.2
tt0629374,8,46,31.7
tt0629374,7,33,22.8
tt0629374,6,11,7.6
tt0629374,5,6,4.1
tt0629374,4,1,0.7
tt0629374,3,1,0.7
tt0629374,2,2,1.4
tt0629374,1,1,0.7
tt0629141,10,18,12.4
tt0629141,9,17,11.7
tt0629141,8,36,24.8
tt0629141,7,43,29.7
tt0629141,6,16,11.0
tt0629141,5,10,6.9
tt0629141,4,1,0.7
tt0629141,3,1,0.7
tt0629141,2,2,1.4
tt0629141,1,1,0.7
tt0629445,10,16,10.9
tt0629445,9,17,11.6
tt0629445,8,34,23.1
tt0629445,7,48,32.7
tt0629445,6,20,13.6
tt0629445,5,6,4.1
tt0629445,4,2,1.4
tt0629445,3,0,0.0
tt0629445,2,2,1.4
tt0629445,1,2,1.4
tt0629190,10,29,18.2
tt0629190,9,27,17.0
tt0629190,8,58,36.5
tt0629190,7,25,15.7
tt0629190,6,11,6.9
tt0629190,5,6,3.8
tt0629190,4,0,0.0
tt0629190,3,0,0.0
tt0629190,2,2,1.3
tt0629190,1,1,0.6
tt0629246,10,18,12.6
tt0629246,9,23,16.1
tt0629246,8,41,28.7
tt0629246,7,43,30.1
tt0629246,6,8,5.6
tt0629246,5,5,3.5
tt0629246,4,2,1.4
tt0629246,3,0,0.0
tt0629246,2,2,1.4
tt0629246,1,1,0.7
tt0629497,10,12,8.2
tt0629497,9,21,14.3
tt0629497,8,34,23.1
tt0629497,7,46,31.3
tt0629497,6,18,12.2
tt0629497,5,11,7.5
tt0629497,4,0,0.0
tt0629497,3,2,1.4
tt0629497,2,2,1.4
tt0629497,1,1,0.7
tt0629496,10,19,13.1
tt0629496,9,21,14.5
tt0629496,8,41,28.3
tt0629496,7,43,29.7
tt0629496,6,7,4.8
tt0629496,5,10,6.9
tt0629496,4,0,0.0
tt0629496,3,0,0.0
tt0629496,2,3,2.1
tt0629496,1,1,0.7
tt0629151,10,13,8.7
tt0629151,9,18,12.1
tt0629151,8,51,34.2
tt0629151,7,43,28.9
tt0629151,6,13,8.7
tt0629151,5,7,4.7
tt0629151,4,1,0.7
tt0629151,3,0,0.0
tt0629151,2,2,1.3
tt0629151,1,1,0.7
tt0629191,10,33,19.4
tt0629191,9,48,28.2
tt0629191,8,47,27.6
tt0629191,7,24,14.1
tt0629191,6,9,5.3
tt0629191,5,4,2.4
tt0629191,4,1,0.6
tt0629191,3,0,0.0
tt0629191,2,2,1.2
tt0629191,1,2,1.2
tt0629407,10,31,19.3
tt0629407,9,34,21.1
tt0629407,8,52,32.3
tt0629407,7,26,16.1
tt0629407,6,9,5.6
tt0629407,5,6,3.7
tt0629407,4,0,0.0
tt0629407,3,0,0.0
tt0629407,2,2,1.2
tt0629407,1,1,0.6
tt0629315,10,18,11.6
tt0629315,9,24,15.5
tt0629315,8,49,31.6
tt0629315,7,39,25.2
tt0629315,6,13,8.4
tt0629315,5,9,5.8
tt0629315,4,0,0.0
tt0629315,3,0,0.0
tt0629315,2,2,1.3
tt0629315,1,1,0.6
tt0629235,10,20,12.6
tt0629235,9,32,20.1
tt0629235,8,50,31.4
tt0629235,7,39,24.5
tt0629235,6,7,4.4
tt0629235,5,8,5.0
tt0629235,4,0,0.0
tt0629235,3,0,0.0
tt0629235,2,2,1.3
tt0629235,1,1,0.6
tt0629499,10,34,18.1
tt0629499,9,25,13.3
tt0629499,8,69,36.7
tt0629499,7,38,20.2
tt0629499,6,11,5.9
tt0629499,5,7,3.7
tt0629499,4,1,0.5
tt0629499,3,0,0.0
tt0629499,2,2,1.1
tt0629499,1,1,0.5
tt0629161,10,16,10.4
tt0629161,9,28,18.2
tt0629161,8,42,27.3
tt0629161,7,45,29.2
tt0629161,6,6,3.9
tt0629161,5,13,8.4
tt0629161,4,1,0.6
tt0629161,3,0,0.0
tt0629161,2,2,1.3
tt0629161,1,1,0.6
tt0629270,10,23,14.0
tt0629270,9,29,17.7
tt0629270,8,50,30.5
tt0629270,7,40,24.4
tt0629270,6,10,6.1
tt0629270,5,9,5.5
tt0629270,4,0,0.0
tt0629270,3,0,0.0
tt0629270,2,2,1.2
tt0629270,1,1,0.6
tt0629430,10,12,8.7
tt0629430,9,16,11.6
tt0629430,8,27,19.6
tt0629430,7,47,34.1
tt0629430,6,18,13.0
tt0629430,5,9,6.5
tt0629430,4,3,2.2
tt0629430,3,3,2.2
tt0629430,2,2,1.4
tt0629430,1,1,0.7
tt0629377,10,16,10.6
tt0629377,9,21,13.9
tt0629377,8,40,26.5
tt0629377,7,43,28.5
tt0629377,6,15,9.9
tt0629377,5,11,7.3
tt0629377,4,1,0.7
tt0629377,3,1,0.7
tt0629377,2,2,1.3
tt0629377,1,1,0.7
tt0629272,10,14,9.3
tt0629272,9,16,10.7
tt0629272,8,23,15.3
tt0629272,7,56,37.3
tt0629272,6,24,16.0
tt0629272,5,13,8.7
tt0629272,4,0,0.0
tt0629272,3,0,0.0
tt0629272,2,3,2.0
tt0629272,1,1,0.7
tt0629350,10,34,19.7
tt0629350,9,35,20.2
tt0629350,8,53,30.6
tt0629350,7,35,20.2
tt0629350,6,6,3.5
tt0629350,5,5,2.9
tt0629350,4,2,1.2
tt0629350,3,0,0.0
tt0629350,2,2,1.2
tt0629350,1,1,0.6
tt0629456,10,15,10.3
tt0629456,9,11,7.5
tt0629456,8,25,17.1
tt0629456,7,55,37.7
tt0629456,6,23,15.8
tt0629456,5,9,6.2
tt0629456,4,1,0.7
tt0629456,3,3,2.1
tt0629456,2,3,2.1
tt0629456,1,1,0.7
tt0629139,10,22,14.3
tt0629139,9,18,11.7
tt0629139,8,31,20.1
tt0629139,7,44,28.6
tt0629139,6,22,14.3
tt0629139,5,9,5.8
tt0629139,4,2,1.3
tt0629139,3,2,1.3
tt0629139,2,2,1.3
tt0629139,1,2,1.3
tt0629379,10,17,12.0
tt0629379,9,19,13.4
tt0629379,8,42,29.6
tt0629379,7,41,28.9
tt0629379,6,10,7.0
tt0629379,5,9,6.3
tt0629379,4,0,0.0
tt0629379,3,0,0.0
tt0629379,2,2,1.4
tt0629379,1,2,1.4
tt0629453,10,15,10.6
tt0629453,9,22,15.6
tt0629453,8,34,24.1
tt0629453,7,38,27.0
tt0629453,6,17,12.1
tt0629453,5,7,5.0
tt0629453,4,2,1.4
tt0629453,3,2,1.4
tt0629453,2,2,1.4
tt0629453,1,2,1.4
tt0629482,10,15,10.7
tt0629482,9,15,10.7
tt0629482,8,32,22.9
tt0629482,7,48,34.3
tt0629482,6,15,10.7
tt0629482,5,5,3.6
tt0629482,4,4,2.9
tt0629482,3,2,1.4
tt0629482,2,2,1.4
tt0629482,1,2,1.4
tt0629227,10,28,17.6
tt0629227,9,32,20.1
tt0629227,8,46,28.9
tt0629227,7,30,18.9
tt0629227,6,11,6.9
tt0629227,5,6,3.8
tt0629227,4,2,1.3
tt0629227,3,0,0.0
tt0629227,2,2,1.3
tt0629227,1,2,1.3
tt0629344,10,21,14.4
tt0629344,9,22,15.1
tt0629344,8,38,26.0
tt0629344,7,38,26.0
tt0629344,6,15,10.3
tt0629344,5,7,4.8
tt0629344,4,2,1.4
tt0629344,3,0,0.0
tt0629344,2,2,1.4
tt0629344,1,1,0.7
tt0629143,10,18,12.0
tt0629143,9,34,22.7
tt0629143,8,43,28.7
tt0629143,7,35,23.3
tt0629143,6,8,5.3
tt0629143,5,7,4.7
tt0629143,4,1,0.7
tt0629143,3,0,0.0
tt0629143,2,2,1.3
tt0629143,1,2,1.3
tt0629186,10,16,11.6
tt0629186,9,17,12.3
tt0629186,8,27,19.6
tt0629186,7,51,37.0
tt0629186,6,12,8.7
tt0629186,5,8,5.8
tt0629186,4,4,2.9
tt0629186,3,0,0.0
tt0629186,2,2,1.4
tt0629186,1,1,0.7
tt0629277,10,18,11.8
tt0629277,9,23,15.0
tt0629277,8,49,32.0
tt0629277,7,37,24.2
tt0629277,6,13,8.5
tt0629277,5,6,3.9
tt0629277,4,2,1.3
tt0629277,3,1,0.7
tt0629277,2,2,1.3
tt0629277,1,2,1.3
tt0629254,10,12,9.2
tt0629254,9,11,8.4
tt0629254,8,27,20.6
tt0629254,7,49,37.4
tt0629254,6,14,10.7
tt0629254,5,13,9.9
tt0629254,4,1,0.8
tt0629254,3,0,0.0
tt0629254,2,3,2.3
tt0629254,1,1,0.8
tt0629426,10,14,9.9
tt0629426,9,17,12.0
tt0629426,8,36,25.4
tt0629426,7,44,31.0
tt0629426,6,16,11.3
tt0629426,5,9,6.3
tt0629426,4,1,0.7
tt0629426,3,1,0.7
tt0629426,2,3,2.1
tt0629426,1,1,0.7
tt0629231,10,17,10.7
tt0629231,9,28,17.6
tt0629231,8,57,35.8
tt0629231,7,34,21.4
tt0629231,6,11,6.9
tt0629231,5,7,4.4
tt0629231,4,1,0.6
tt0629231,3,0,0.0
tt0629231,2,3,1.9
tt0629231,1,1,0.6
tt0629273,10,11,8.9
tt0629273,9,11,8.9
tt0629273,8,21,17.1
tt0629273,7,42,34.1
tt0629273,6,21,17.1
tt0629273,5,11,8.9
tt0629273,4,2,1.6
tt0629273,3,0,0.0
tt0629273,2,3,2.4
tt0629273,1,1,0.8
tt0629165,10,19,12.9
tt0629165,9,18,12.2
tt0629165,8,36,24.5
tt0629165,7,45,30.6
tt0629165,6,13,8.8
tt0629165,5,10,6.8
tt0629165,4,3,2.0
tt0629165,3,0,0.0
tt0629165,2,2,1.4
tt0629165,1,1,0.7
tt0629363,10,19,13.3
tt0629363,9,18,12.6
tt0629363,8,41,28.7
tt0629363,7,41,28.7
tt0629363,6,8,5.6
tt0629363,5,8,5.6
tt0629363,4,3,2.1
tt0629363,3,0,0.0
tt0629363,2,2,1.4
tt0629363,1,3,2.1
tt0629370,10,19,12.6
tt0629370,9,17,11.3
tt0629370,8,42,27.8
tt0629370,7,43,28.5
tt0629370,6,12,7.9
tt0629370,5,9,6.0
tt0629370,4,1,0.7
tt0629370,3,0,0.0
tt0629370,2,3,2.0
tt0629370,1,5,3.3
tt0629156,10,25,14.1
tt0629156,9,23,13.0
tt0629156,8,55,31.1
tt0629156,7,45,25.4
tt0629156,6,13,7.3
tt0629156,5,9,5.1
tt0629156,4,3,1.7
tt0629156,3,0,0.0
tt0629156,2,2,1.1
tt0629156,1,2,1.1
tt0629418,10,43,21.2
tt0629418,9,46,22.7
tt0629418,8,75,36.9
tt0629418,7,20,9.9
tt0629418,6,10,4.9
tt0629418,5,6,3.0
tt0629418,4,0,0.0
tt0629418,3,0,0.0
tt0629418,2,2,1.0
tt0629418,1,1,0.5
tt0629476,10,22,14.0
tt0629476,9,15,9.6
tt0629476,8,47,29.9
tt0629476,7,45,28.7
tt0629476,6,13,8.3
tt0629476,5,9,5.7
tt0629476,4,2,1.3
tt0629476,3,0,0.0
tt0629476,2,2,1.3
tt0629476,1,2,1.3
tt0629474,10,21,13.4
tt0629474,9,33,21.0
tt0629474,8,57,36.3
tt0629474,7,26,16.6
tt0629474,6,11,7.0
tt0629474,5,5,3.2
tt0629474,4,0,0.0
tt0629474,3,0,0.0
tt0629474,2,2,1.3
tt0629474,1,2,1.3
tt0629459,10,39,21.0
tt0629459,9,37,19.9
tt0629459,8,66,35.5
tt0629459,7,26,14.0
tt0629459,6,8,4.3
tt0629459,5,5,2.7
tt0629459,4,2,1.1
tt0629459,3,0,0.0
tt0629459,2,2,1.1
tt0629459,1,1,0.5
tt0629298,10,29,16.7
tt0629298,9,31,17.8
tt0629298,8,58,33.3
tt0629298,7,36,20.7
tt0629298,6,8,4.6
tt0629298,5,8,4.6
tt0629298,4,1,0.6
tt0629298,3,0,0.0
tt0629298,2,2,1.1
tt0629298,1,1,0.6
tt0629360,10,53,26.5
tt0629360,9,49,24.5
tt0629360,8,59,29.5
tt0629360,7,20,10.0
tt0629360,6,6,3.0
tt0629360,5,7,3.5
tt0629360,4,2,1.0
tt0629360,3,0,0.0
tt0629360,2,3,1.5
tt0629360,1,1,0.5
tt0629162,10,24,15.1
tt0629162,9,14,8.8
tt0629162,8,36,22.6
tt0629162,7,45,28.3
tt0629162,6,25,15.7
tt0629162,5,8,5.0
tt0629162,4,1,0.6
tt0629162,3,2,1.3
tt0629162,2,2,1.3
tt0629162,1,2,1.3
tt0629468,10,18,11.7
tt0629468,9,18,11.7
tt0629468,8,31,20.1
tt0629468,7,51,33.1
tt0629468,6,22,14.3
tt0629468,5,5,3.2
tt0629468,4,1,0.6
tt0629468,3,2,1.3
tt0629468,2,2,1.3
tt0629468,1,4,2.6
tt0629347,10,25,15.2
tt0629347,9,18,10.9
tt0629347,8,56,33.9
tt0629347,7,46,27.9
tt0629347,6,5,3.0
tt0629347,5,5,3.0
tt0629347,4,4,2.4
tt0629347,3,1,0.6
tt0629347,2,2,1.2
tt0629347,1,3,1.8
tt0629205,10,25,15.0
tt0629205,9,32,19.2
tt0629205,8,52,31.1
tt0629205,7,36,21.6
tt0629205,6,12,7.2
tt0629205,5,4,2.4
tt0629205,4,2,1.2
tt0629205,3,0,0.0
tt0629205,2,2,1.2
tt0629205,1,2,1.2
tt0629480,10,21,13.5
tt0629480,9,21,13.5
tt0629480,8,49,31.6
tt0629480,7,39,25.2
tt0629480,6,14,9.0
tt0629480,5,6,3.9
tt0629480,4,1,0.6
tt0629480,3,0,0.0
tt0629480,2,2,1.3
tt0629480,1,2,1.3
tt0629142,10,32,18.6
tt0629142,9,29,16.9
tt0629142,8,51,29.7
tt0629142,7,34,19.8
tt0629142,6,16,9.3
tt0629142,5,5,2.9
tt0629142,4,1,0.6
tt0629142,3,1,0.6
tt0629142,2,2,1.2
tt0629142,1,1,0.6
tt0629435,10,31,17.6
tt0629435,9,31,17.6
tt0629435,8,53,30.1
tt0629435,7,43,24.4
tt0629435,6,10,5.7
tt0629435,5,4,2.3
tt0629435,4,0,0.0
tt0629435,3,0,0.0
tt0629435,2,2,1.1
tt0629435,1,2,1.1
tt0629166,10,24,14.4
tt0629166,9,20,12.0
tt0629166,8,48,28.7
tt0629166,7,45,26.9
tt0629166,6,15,9.0
tt0629166,5,9,5.4
tt0629166,4,3,1.8
tt0629166,3,0,0.0
tt0629166,2,2,1.2
tt0629166,1,1,0.6
tt0629439,10,34,18.3
tt0629439,9,25,13.4
tt0629439,8,61,32.8
tt0629439,7,35,18.8
tt0629439,6,14,7.5
tt0629439,5,9,4.8
tt0629439,4,1,0.5
tt0629439,3,0,0.0
tt0629439,2,3,1.6
tt0629439,1,4,2.2
tt0629275,10,21,13.0
tt0629275,9,25,15.5
tt0629275,8,45,28.0
tt0629275,7,45,28.0
tt0629275,6,8,5.0
tt0629275,5,10,6.2
tt0629275,4,3,1.9
tt0629275,3,0,0.0
tt0629275,2,2,1.2
tt0629275,1,2,1.2
tt0629336,10,16,10.5
tt0629336,9,11,7.2
tt0629336,8,44,28.8
tt0629336,7,46,30.1
tt0629336,6,21,13.7
tt0629336,5,8,5.2
tt0629336,4,1,0.7
tt0629336,3,3,2.0
tt0629336,2,2,1.3
tt0629336,1,1,0.7
tt0629414,10,26,15.1
tt0629414,9,21,12.2
tt0629414,8,55,32.0
tt0629414,7,41,23.8
tt0629414,6,18,10.5
tt0629414,5,7,4.1
tt0629414,4,1,0.6
tt0629414,3,0,0.0
tt0629414,2,2,1.2
tt0629414,1,1,0.6
tt0629322,10,22,13.6
tt0629322,9,22,13.6
tt0629322,8,54,33.3
tt0629322,7,36,22.2
tt0629322,6,17,10.5
tt0629322,5,7,4.3
tt0629322,4,0,0.0
tt0629322,3,0,0.0
tt0629322,2,3,1.9
tt0629322,1,1,0.6
tt0629301,10,24,14.9
tt0629301,9,25,15.5
tt0629301,8,51,31.7
tt0629301,7,41,25.5
tt0629301,6,10,6.2
tt0629301,5,6,3.7
tt0629301,4,0,0.0
tt0629301,3,0,0.0
tt0629301,2,2,1.2
tt0629301,1,2,1.2
tt0629419,10,46,20.8
tt0629419,9,53,24.0
tt0629419,8,67,30.3
tt0629419,7,33,14.9
tt0629419,6,9,4.1
tt0629419,5,7,3.2
tt0629419,4,2,0.9
tt0629419,3,0,0.0
tt0629419,2,3,1.4
tt0629419,1,1,0.5
tt0629219,10,89,36.2
tt0629219,9,72,29.3
tt0629219,8,51,20.7
tt0629219,7,17,6.9
tt0629219,6,8,3.3
tt0629219,5,4,1.6
tt0629219,4,0,0.0
tt0629219,3,0,0.0
tt0629219,2,3,1.2
tt0629219,1,2,0.8
tt0629428,10,32,18.6
tt0629428,9,31,18.0
tt0629428,8,56,32.6
tt0629428,7,33,19.2
tt0629428,6,10,5.8
tt0629428,5,6,3.5
tt0629428,4,0,0.0
tt0629428,3,0,0.0
tt0629428,2,2,1.2
tt0629428,1,2,1.2
tt0629185,10,89,35.2
tt0629185,9,69,27.3
tt0629185,8,53,20.9
tt0629185,7,24,9.5
tt0629185,6,6,2.4
tt0629185,5,5,2.0
tt0629185,4,0,0.0
tt0629185,3,0,0.0
tt0629185,2,3,1.2
tt0629185,1,4,1.6
tt0629188,10,14,9.5
tt0629188,9,21,14.2
tt0629188,8,48,32.4
tt0629188,7,40,27.0
tt0629188,6,14,9.5
tt0629188,5,4,2.7
tt0629188,4,1,0.7
tt0629188,3,2,1.4
tt0629188,2,3,2.0
tt0629188,1,1,0.7
tt0629369,10,18,11.0
tt0629369,9,20,12.2
tt0629369,8,51,31.1
tt0629369,7,48,29.3
tt0629369,6,14,8.5
tt0629369,5,6,3.7
tt0629369,4,1,0.6
tt0629369,3,2,1.2
tt0629369,2,2,1.2
tt0629369,1,2,1.2
tt0629421,10,18,11.3
tt0629421,9,20,12.6
tt0629421,8,41,25.8
tt0629421,7,51,32.1
tt0629421,6,18,11.3
tt0629421,5,6,3.8
tt0629421,4,1,0.6
tt0629421,3,1,0.6
tt0629421,2,2,1.3
tt0629421,1,1,0.6
tt0629179,10,19,12.8
tt0629179,9,11,7.4
tt0629179,8,44,29.5
tt0629179,7,41,27.5
tt0629179,6,23,15.4
tt0629179,5,4,2.7
tt0629179,4,1,0.7
tt0629179,3,1,0.7
tt0629179,2,4,2.7
tt0629179,1,1,0.7
tt0629308,10,63,29.3
tt0629308,9,60,27.9
tt0629308,8,55,25.6
tt0629308,7,21,9.8
tt0629308,6,6,2.8
tt0629308,5,5,2.3
tt0629308,4,2,0.9
tt0629308,3,0,0.0
tt0629308,2,2,0.9
tt0629308,1,1,0.5
tt0629267,10,24,14.8
tt0629267,9,28,17.3
tt0629267,8,51,31.5
tt0629267,7,36,22.2
tt0629267,6,12,7.4
tt0629267,5,5,3.1
tt0629267,4,2,1.2
tt0629267,3,1,0.6
tt0629267,2,2,1.2
tt0629267,1,1,0.6
tt0629247,10,13,9.0
tt0629247,9,13,9.0
tt0629247,8,33,22.9
tt0629247,7,49,34.0
tt0629247,6,20,13.9
tt0629247,5,7,4.9
tt0629247,4,3,2.1
tt0629247,3,0,0.0
tt0629247,2,3,2.1
tt0629247,1,3,2.1
tt0629210,10,26,17.4
tt0629210,9,20,13.4
tt0629210,8,46,30.9
tt0629210,7,32,21.5
tt0629210,6,12,8.1
tt0629210,5,10,6.7
tt0629210,4,0,0.0
tt0629210,3,0,0.0
tt0629210,2,2,1.3
tt0629210,1,1,0.7
tt0629309,10,15,9.8
tt0629309,9,19,12.4
tt0629309,8,37,24.2
tt0629309,7,47,30.7
tt0629309,6,20,13.1
tt0629309,5,7,4.6
tt0629309,4,2,1.3
tt0629309,3,0,0.0
tt0629309,2,3,2.0
tt0629309,1,3,2.0
tt0629230,10,21,13.4
tt0629230,9,32,20.4
tt0629230,8,46,29.3
tt0629230,7,37,23.6
tt0629230,6,6,3.8
tt0629230,5,9,5.7
tt0629230,4,2,1.3
tt0629230,3,0,0.0
tt0629230,2,2,1.3
tt0629230,1,2,1.3
tt0629372,10,13,9.2
tt0629372,9,25,17.7
tt0629372,8,37,26.2
tt0629372,7,41,29.1
tt0629372,6,12,8.5
tt0629372,5,6,4.3
tt0629372,4,3,2.1
tt0629372,3,0,0.0
tt0629372,2,2,1.4
tt0629372,1,2,1.4
tt0629337,10,15,10.4
tt0629337,9,17,11.8
tt0629337,8,41,28.5
tt0629337,7,44,30.6
tt0629337,6,16,11.1
tt0629337,5,4,2.8
tt0629337,4,3,2.1
tt0629337,3,0,0.0
tt0629337,2,3,2.1
tt0629337,1,1,0.7
tt0629206,10,18,12.9
tt0629206,9,21,15.0
tt0629206,8,48,34.3
tt0629206,7,35,25.0
tt0629206,6,8,5.7
tt0629206,5,6,4.3
tt0629206,4,1,0.7
tt0629206,3,0,0.0
tt0629206,2,2,1.4
tt0629206,1,1,0.7
tt0629488,10,17,11.7
tt0629488,9,16,11.0
tt0629488,8,42,29.0
tt0629488,7,45,31.0
tt0629488,6,12,8.3
tt0629488,5,7,4.8
tt0629488,4,3,2.1
tt0629488,3,0,0.0
tt0629488,2,2,1.4
tt0629488,1,1,0.7
tt0629197,10,24,15.2
tt0629197,9,32,20.3
tt0629197,8,44,27.8
tt0629197,7,39,24.7
tt0629197,6,6,3.8
tt0629197,5,8,5.1
tt0629197,4,1,0.6
tt0629197,3,0,0.0
tt0629197,2,2,1.3
tt0629197,1,2,1.3
tt0629287,10,27,18.6
tt0629287,9,21,14.5
tt0629287,8,42,29.0
tt0629287,7,35,24.1
tt0629287,6,6,4.1
tt0629287,5,8,5.5
tt0629287,4,1,0.7
tt0629287,3,1,0.7
tt0629287,2,2,1.4
tt0629287,1,2,1.4
tt0629257,10,27,17.3
tt0629257,9,26,16.7
tt0629257,8,46,29.5
tt0629257,7,33,21.2
tt0629257,6,11,7.1
tt0629257,5,7,4.5
tt0629257,4,0,0.0
tt0629257,3,0,0.0
tt0629257,2,3,1.9
tt0629257,1,3,1.9
tt0629355,10,42,23.2
tt0629355,9,35,19.3
tt0629355,8,54,29.8
tt0629355,7,30,16.6
tt0629355,6,9,5.0
tt0629355,5,5,2.8
tt0629355,4,1,0.6
tt0629355,3,0,0.0
tt0629355,2,2,1.1
tt0629355,1,3,1.7
tt0629255,10,27,16.2
tt0629255,9,22,13.2
tt0629255,8,45,26.9
tt0629255,7,38,22.8
tt0629255,6,21,12.6
tt0629255,5,9,5.4
tt0629255,4,0,0.0
tt0629255,3,0,0.0
tt0629255,2,3,1.8
tt0629255,1,2,1.2
tt0629485,10,21,14.7
tt0629485,9,15,10.5
tt0629485,8,44,30.8
tt0629485,7,36,25.2
tt0629485,6,16,11.2
tt0629485,5,7,4.9
tt0629485,4,1,0.7
tt0629485,3,0,0.0
tt0629485,2,2,1.4
tt0629485,1,1,0.7
tt0629274,10,19,12.9
tt0629274,9,29,19.7
tt0629274,8,40,27.2
tt0629274,7,39,26.5
tt0629274,6,7,4.8
tt0629274,5,8,5.4
tt0629274,4,2,1.4
tt0629274,3,0,0.0
tt0629274,2,2,1.4
tt0629274,1,1,0.7
tt0629201,10,17,11.3
tt0629201,9,16,10.6
tt0629201,8,36,23.8
tt0629201,7,41,27.2
tt0629201,6,26,17.2
tt0629201,5,6,4.0
tt0629201,4,2,1.3
tt0629201,3,2,1.3
tt0629201,2,3,2.0
tt0629201,1,2,1.3
tt0629196,10,46,23.6
tt0629196,9,47,24.1
tt0629196,8,51,26.2
tt0629196,7,33,16.9
tt0629196,6,10,5.1
tt0629196,5,3,1.5
tt0629196,4,2,1.0
tt0629196,3,0,0.0
tt0629196,2,2,1.0
tt0629196,1,1,0.5
tt0629365,10,21,13.0
tt0629365,9,22,13.7
tt0629365,8,40,24.8
tt0629365,7,42,26.1
tt0629365,6,21,13.0
tt0629365,5,7,4.3
tt0629365,4,2,1.2
tt0629365,3,1,0.6
tt0629365,2,2,1.2
tt0629365,1,3,1.9
tt0629232,10,29,16.2
tt0629232,9,41,22.9
tt0629232,8,49,27.4
tt0629232,7,37,20.7
tt0629232,6,12,6.7
tt0629232,5,6,3.4
tt0629232,4,0,0.0
tt0629232,3,1,0.6
tt0629232,2,2,1.1
tt0629232,1,2,1.1
tt0629452,10,24,14.0
tt0629452,9,40,23.3
tt0629452,8,57,33.1
tt0629452,7,29,16.9
tt0629452,6,10,5.8
tt0629452,5,6,3.5
tt0629452,4,2,1.2
tt0629452,3,0,0.0
tt0629452,2,2,1.2
tt0629452,1,2,1.2
tt0629209,10,18,11.8
tt0629209,9,22,14.5
tt0629209,8,54,35.5
tt0629209,7,34,22.4
tt0629209,6,12,7.9
tt0629209,5,6,3.9
tt0629209,4,1,0.7
tt0629209,3,0,0.0
tt0629209,2,3,2.0
tt0629209,1,2,1.3
tt0629285,10,27,16.9
tt0629285,9,30,18.8
tt0629285,8,44,27.5
tt0629285,7,37,23.1
tt0629285,6,9,5.6
tt0629285,5,7,4.4
tt0629285,4,1,0.6
tt0629285,3,0,0.0
tt0629285,2,3,1.9
tt0629285,1,2,1.2
tt0629225,10,19,13.2
tt0629225,9,21,14.6
tt0629225,8,45,31.2
tt0629225,7,35,24.3
tt0629225,6,13,9.0
tt0629225,5,5,3.5
tt0629225,4,0,0.0
tt0629225,3,2,1.4
tt0629225,2,2,1.4
tt0629225,1,2,1.4
tt0629282,10,19,12.5
tt0629282,9,24,15.8
tt0629282,8,49,32.2
tt0629282,7,32,21.1
tt0629282,6,12,7.9
tt0629282,5,6,3.9
tt0629282,4,3,2.0
tt0629282,3,0,0.0
tt0629282,2,3,2.0
tt0629282,1,4,2.6
tt0629223,10,18,12.0
tt0629223,9,12,8.0
tt0629223,8,41,27.3
tt0629223,7,49,32.7
tt0629223,6,20,13.3
tt0629223,5,3,2.0
tt0629223,4,1,0.7
tt0629223,3,0,0.0
tt0629223,2,3,2.0
tt0629223,1,3,2.0
tt0629152,10,14,9.7
tt0629152,9,21,14.5
tt0629152,8,27,18.6
tt0629152,7,46,31.7
tt0629152,6,21,14.5
tt0629152,5,9,6.2
tt0629152,4,1,0.7
tt0629152,3,1,0.7
tt0629152,2,2,1.4
tt0629152,1,3,2.1
tt0629251,10,21,14.1
tt0629251,9,21,14.1
tt0629251,8,46,30.9
tt0629251,7,36,24.2
tt0629251,6,11,7.4
tt0629251,5,7,4.7
tt0629251,4,1,0.7
tt0629251,3,1,0.7
tt0629251,2,3,2.0
tt0629251,1,2,1.3
tt0629264,10,23,15.4
tt0629264,9,18,12.1
tt0629264,8,53,35.6
tt0629264,7,32,21.5
tt0629264,6,9,6.0
tt0629264,5,6,4.0
tt0629264,4,3,2.0
tt0629264,3,0,0.0
tt0629264,2,3,2.0
tt0629264,1,2,1.3
tt0629333,10,20,14.6
tt0629333,9,19,13.9
tt0629333,8,39,28.5
tt0629333,7,43,31.4
tt0629333,6,5,3.6
tt0629333,5,6,4.4
tt0629333,4,1,0.7
tt0629333,3,0,0.0
tt0629333,2,2,1.5
tt0629333,1,2,1.5
tt0629150,10,35,19.7
tt0629150,9,24,13.5
tt0629150,8,58,32.6
tt0629150,7,28,15.7
tt0629150,6,17,9.6
tt0629150,5,10,5.6
tt0629150,4,1,0.6
tt0629150,3,0,0.0
tt0629150,2,2,1.1
tt0629150,1,3,1.7
tt0629268,10,30,19.7
tt0629268,9,33,21.7
tt0629268,8,50,32.9
tt0629268,7,24,15.8
tt0629268,6,8,5.3
tt0629268,5,1,0.7
tt0629268,4,0,0.0
tt0629268,3,0,0.0
tt0629268,2,2,1.3
tt0629268,1,4,2.6
tt0629358,10,21,14.5
tt0629358,9,15,10.3
tt0629358,8,51,35.2
tt0629358,7,36,24.8
tt0629358,6,15,10.3
tt0629358,5,3,2.1
tt0629358,4,0,0.0
tt0629358,3,0,0.0
tt0629358,2,2,1.4
tt0629358,1,2,1.4
tt0629462,10,16,11.0
tt0629462,9,20,13.7
tt0629462,8,45,30.8
tt0629462,7,37,25.3
tt0629462,6,14,9.6
tt0629462,5,6,4.1
tt0629462,4,2,1.4
tt0629462,3,0,0.0
tt0629462,2,2,1.4
tt0629462,1,4,2.7
tt0629327,10,27,17.6
tt0629327,9,22,14.4
tt0629327,8,52,34.0
tt0629327,7,36,23.5
tt0629327,6,10,6.5
tt0629327,5,1,0.7
tt0629327,4,1,0.7
tt0629327,3,0,0.0
tt0629327,2,2,1.3
tt0629327,1,2,1.3
tt0629237,10,18,11.8
tt0629237,9,17,11.2
tt0629237,8,43,28.3
tt0629237,7,45,29.6
tt0629237,6,16,10.5
tt0629237,5,3,2.0
tt0629237,4,4,2.6
tt0629237,3,1,0.7
tt0629237,2,3,2.0
tt0629237,1,2,1.3
tt0629411,10,18,12.2
tt0629411,9,20,13.5
tt0629411,8,43,29.1
tt0629411,7,46,31.1
tt0629411,6,10,6.8
tt0629411,5,7,4.7
tt0629411,4,0,0.0
tt0629411,3,0,0.0
tt0629411,2,2,1.4
tt0629411,1,2,1.4
tt0629472,10,35,21.0
tt0629472,9,31,18.6
tt0629472,8,59,35.3
tt0629472,7,24,14.4
tt0629472,6,11,6.6
tt0629472,5,3,1.8
tt0629472,4,0,0.0
tt0629472,3,0,0.0
tt0629472,2,2,1.2
tt0629472,1,2,1.2
tt0629390,10,25,16.3
tt0629390,9,26,17.0
tt0629390,8,54,35.3
tt0629390,7,26,17.0
tt0629390,6,12,7.8
tt0629390,5,3,2.0
tt0629390,4,1,0.7
tt0629390,3,1,0.7
tt0629390,2,2,1.3
tt0629390,1,3,2.0
tt0629432,10,24,17.3
tt0629432,9,19,13.7
tt0629432,8,43,30.9
tt0629432,7,25,18.0
tt0629432,6,15,10.8
tt0629432,5,6,4.3
tt0629432,4,1,0.7
tt0629432,3,1,0.7
tt0629432,2,3,2.2
tt0629432,1,2,1.4
tt0629310,10,14,9.7
tt0629310,9,21,14.6
tt0629310,8,43,29.9
tt0629310,7,36,25.0
tt0629310,6,15,10.4
tt0629310,5,5,3.5
tt0629310,4,3,2.1
tt0629310,3,1,0.7
tt0629310,2,2,1.4
tt0629310,1,4,2.8
tt0629331,10,25,17.0
tt0629331,9,14,9.5
tt0629331,8,39,26.5
tt0629331,7,37,25.2
tt0629331,6,21,14.3
tt0629331,5,4,2.7
tt0629331,4,1,0.7
tt0629331,3,0,0.0
tt0629331,2,2,1.4
tt0629331,1,4,2.7
tt0629396,10,42,23.3
tt0629396,9,41,22.8
tt0629396,8,56,31.1
tt0629396,7,23,12.8
tt0629396,6,8,4.4
tt0629396,5,5,2.8
tt0629396,4,0,0.0
tt0629396,3,1,0.6
tt0629396,2,2,1.1
tt0629396,1,2,1.1
tt0629265,10,51,25.2
tt0629265,9,37,18.3
tt0629265,8,58,28.7
tt0629265,7,30,14.9
tt0629265,6,12,5.9
tt0629265,5,6,3.0
tt0629265,4,1,0.5
tt0629265,3,1,0.5
tt0629265,2,3,1.5
tt0629265,1,3,1.5
tt0629276,10,24,16.6
tt0629276,9,27,18.6
tt0629276,8,40,27.6
tt0629276,7,34,23.4
tt0629276,6,9,6.2
tt0629276,5,6,4.1
tt0629276,4,0,0.0
tt0629276,3,0,0.0
tt0629276,2,2,1.4
tt0629276,1,3,2.1
tt0629148,10,14,10.5
tt0629148,9,12,9.0
tt0629148,8,42,31.6
tt0629148,7,35,26.3
tt0629148,6,15,11.3
tt0629148,5,7,5.3
tt0629148,4,1,0.8
tt0629148,3,0,0.0
tt0629148,2,3,2.3
tt0629148,1,4,3.0
tt0629329,10,27,17.6
tt0629329,9,30,19.6
tt0629329,8,40,26.1
tt0629329,7,35,22.9
tt0629329,6,7,4.6
tt0629329,5,9,5.9
tt0629329,4,1,0.7
tt0629329,3,0,0.0
tt0629329,2,2,1.3
tt0629329,1,2,1.3
tt0629175,10,24,15.2
tt0629175,9,30,19.0
tt0629175,8,53,33.5
tt0629175,7,29,18.4
tt0629175,6,13,8.2
tt0629175,5,4,2.5
tt0629175,4,0,0.0
tt0629175,3,0,0.0
tt0629175,2,3,1.9
tt0629175,1,2,1.3
tt0629303,10,17,12.5
tt0629303,9,12,8.8
tt0629303,8,38,27.9
tt0629303,7,41,30.1
tt0629303,6,16,11.8
tt0629303,5,6,4.4
tt0629303,4,1,0.7
tt0629303,3,1,0.7
tt0629303,2,3,2.2
tt0629303,1,1,0.7
tt0629353,10,18,13.7
tt0629353,9,21,16.0
tt0629353,8,44,33.6
tt0629353,7,30,22.9
tt0629353,6,7,5.3
tt0629353,5,6,4.6
tt0629353,4,0,0.0
tt0629353,3,0,0.0
tt0629353,2,2,1.5
tt0629353,1,3,2.3
tt0629221,10,48,27.0
tt0629221,9,42,23.6
tt0629221,8,47,26.4
tt0629221,7,26,14.6
tt0629221,6,6,3.4
tt0629221,5,4,2.2
tt0629221,4,1,0.6
tt0629221,3,0,0.0
tt0629221,2,3,1.7
tt0629221,1,1,0.6
tt0629144,10,35,21.0
tt0629144,9,42,25.1
tt0629144,8,45,26.9
tt0629144,7,30,18.0
tt0629144,6,5,3.0
tt0629144,5,6,3.6
tt0629144,4,0,0.0
tt0629144,3,0,0.0
tt0629144,2,2,1.2
tt0629144,1,2,1.2
tt0629173,10,25,16.8
tt0629173,9,16,10.7
tt0629173,8,31,20.8
tt0629173,7,46,30.9
tt0629173,6,17,11.4
tt0629173,5,7,4.7
tt0629173,4,2,1.3
tt0629173,3,0,0.0
tt0629173,2,2,1.3
tt0629173,1,3,2.0
tt0629262,10,15,10.4
tt0629262,9,20,13.9
tt0629262,8,39,27.1
tt0629262,7,38,26.4
tt0629262,6,20,13.9
tt0629262,5,5,3.5
tt0629262,4,2,1.4
tt0629262,3,1,0.7
tt0629262,2,2,1.4
tt0629262,1,2,1.4
tt0629293,10,23,15.9
tt0629293,9,17,11.7
tt0629293,8,47,32.4
tt0629293,7,40,27.6
tt0629293,6,8,5.5
tt0629293,5,5,3.4
tt0629293,4,0,0.0
tt0629293,3,1,0.7
tt0629293,2,2,1.4
tt0629293,1,2,1.4
tt0758296,10,17,12.0
tt0758296,9,23,16.2
tt0758296,8,42,29.6
tt0758296,7,38,26.8
tt0758296,6,10,7.0
tt0758296,5,7,4.9
tt0758296,4,1,0.7
tt0758296,3,0,0.0
tt0758296,2,2,1.4
tt0758296,1,2,1.4
tt0756928,10,18,13.4
tt0756928,9,20,14.9
tt0756928,8,42,31.3
tt0756928,7,34,25.4
tt0756928,6,9,6.7
tt0756928,5,6,4.5
tt0756928,4,1,0.7
tt0756928,3,0,0.0
tt0756928,2,2,1.5
tt0756928,1,2,1.5
tt0629218,10,31,20.7
tt0629218,9,29,19.3
tt0629218,8,43,28.7
tt0629218,7,32,21.3
tt0629218,6,4,2.7
tt0629218,5,6,4.0
tt0629218,4,0,0.0
tt0629218,3,0,0.0
tt0629218,2,3,2.0
tt0629218,1,2,1.3
tt0775648,10,20,13.6
tt0775648,9,18,12.2
tt0775648,8,32,21.8
tt0775648,7,51,34.7
tt0775648,6,6,4.1
tt0775648,5,10,6.8
tt0775648,4,1,0.7
tt0775648,3,2,1.4
tt0775648,2,3,2.0
tt0775648,1,4,2.7
tt0773937,10,28,18.1
tt0773937,9,37,23.9
tt0773937,8,54,34.8
tt0773937,7,16,10.3
tt0773937,6,9,5.8
tt0773937,5,6,3.9
tt0773937,4,0,0.0
tt0773937,3,1,0.6
tt0773937,2,2,1.3
tt0773937,1,2,1.3
tt0790178,10,15,10.5
tt0790178,9,19,13.3
tt0790178,8,30,21.0
tt0790178,7,45,31.5
tt0790178,6,22,15.4
tt0790178,5,5,3.5
tt0790178,4,2,1.4
tt0790178,3,1,0.7
tt0790178,2,2,1.4
tt0790178,1,2,1.4
tt0763479,10,23,15.1
tt0763479,9,21,13.8
tt0763479,8,45,29.6
tt0763479,7,37,24.3
tt0763479,6,15,9.9
tt0763479,5,3,2.0
tt0763479,4,1,0.7
tt0763479,3,0,0.0
tt0763479,2,3,2.0
tt0763479,1,4,2.6
tt0805298,10,34,19.4
tt0805298,9,32,18.3
tt0805298,8,48,27.4
tt0805298,7,34,19.4
tt0805298,6,13,7.4
tt0805298,5,5,2.9
tt0805298,4,2,1.1
tt0805298,3,1,0.6
tt0805298,2,3,1.7
tt0805298,1,3,1.7
tt0799655,10,94,35.1
tt0799655,9,89,33.2
tt0799655,8,52,19.4
tt0799655,7,16,6.0
tt0799655,6,6,2.2
tt0799655,5,3,1.1
tt0799655,4,0,0.0
tt0799655,3,0,0.0
tt0799655,2,3,1.1
tt0799655,1,5,1.9
tt0860058,10,26,14.0
tt0860058,9,22,11.8
tt0860058,8,29,15.6
tt0860058,7,69,37.1
tt0860058,6,24,12.9
tt0860058,5,8,4.3
tt0860058,4,0,0.0
tt0860058,3,1,0.5
tt0860058,2,2,1.1
tt0860058,1,5,2.7
tt0860057,10,37,21.8
tt0860057,9,25,14.7
tt0860057,8,52,30.6
tt0860057,7,34,20.0
tt0860057,6,14,8.2
tt0860057,5,4,2.4
tt0860057,4,0,0.0
tt0860057,3,0,0.0
tt0860057,2,2,1.2
tt0860057,1,2,1.2
tt0876808,10,28,17.4
tt0876808,9,27,16.8
tt0876808,8,47,29.2
tt0876808,7,43,26.7
tt0876808,6,8,5.0
tt0876808,5,3,1.9
tt0876808,4,1,0.6
tt0876808,3,0,0.0
tt0876808,2,2,1.2
tt0876808,1,2,1.2
tt0879094,10,27,17.6
tt0879094,9,16,10.5
tt0879094,8,37,24.2
tt0879094,7,43,28.1
tt0879094,6,13,8.5
tt0879094,5,9,5.9
tt0879094,4,2,1.3
tt0879094,3,2,1.3
tt0879094,2,2,1.3
tt0879094,1,2,1.3
tt0884602,10,17,11.3
tt0884602,9,20,13.2
tt0884602,8,41,27.2
tt0884602,7,49,32.5
tt0884602,6,15,9.9
tt0884602,5,2,1.3
tt0884602,4,0,0.0
tt0884602,3,1,0.7
tt0884602,2,4,2.6
tt0884602,1,2,1.3
tt0887552,10,19,13.8
tt0887552,9,19,13.8
tt0887552,8,46,33.3
tt0887552,7,29,21.0
tt0887552,6,13,9.4
tt0887552,5,3,2.2
tt0887552,4,1,0.7
tt0887552,3,0,0.0
tt0887552,2,6,4.3
tt0887552,1,2,1.4
tt0886940,10,35,17.9
tt0886940,9,34,17.4
tt0886940,8,54,27.7
tt0886940,7,40,20.5
tt0886940,6,13,6.7
tt0886940,5,8,4.1
tt0886940,4,2,1.0
tt0886940,3,1,0.5
tt0886940,2,3,1.5
tt0886940,1,5,2.6
tt0888224,10,25,15.9
tt0888224,9,20,12.7
tt0888224,8,36,22.9
tt0888224,7,40,25.5
tt0888224,6,14,8.9
tt0888224,5,7,4.5
tt0888224,4,3,1.9
tt0888224,3,3,1.9
tt0888224,2,5,3.2
tt0888224,1,4,2.5
tt0894293,10,44,24.7
tt0894293,9,39,21.9
tt0894293,8,58,32.6
tt0894293,7,21,11.8
tt0894293,6,8,4.5
tt0894293,5,3,1.7
tt0894293,4,0,0.0
tt0894293,3,0,0.0
tt0894293,2,2,1.1
tt0894293,1,3,1.7
tt0898586,10,28,17.5
tt0898586,9,19,11.9
tt0898586,8,41,25.6
tt0898586,7,36,22.5
tt0898586,6,22,13.8
tt0898586,5,3,1.9
tt0898586,4,3,1.9
tt0898586,3,2,1.2
tt0898586,2,3,1.9
tt0898586,1,3,1.9
tt0935648,10,22,15.5
tt0935648,9,22,15.5
tt0935648,8,39,27.5
tt0935648,7,35,24.6
tt0935648,6,11,7.7
tt0935648,5,5,3.5
tt0935648,4,2,1.4
tt0935648,3,0,0.0
tt0935648,2,2,1.4
tt0935648,1,4,2.8
tt0941732,10,30,17.9
tt0941732,9,26,15.5
tt0941732,8,57,33.9
tt0941732,7,32,19.0
tt0941732,6,12,7.1
tt0941732,5,6,3.6
tt0941732,4,1,0.6
tt0941732,3,0,0.0
tt0941732,2,2,1.2
tt0941732,1,2,1.2
tt0947375,10,23,14.5
tt0947375,9,23,14.5
tt0947375,8,31,19.5
tt0947375,7,43,27.0
tt0947375,6,20,12.6
tt0947375,5,8,5.0
tt0947375,4,2,1.3
tt0947375,3,1,0.6
tt0947375,2,3,1.9
tt0947375,1,5,3.1
tt0962424,10,21,12.4
tt0962424,9,18,10.7
tt0962424,8,50,29.6
tt0962424,7,40,23.7
tt0962424,6,24,14.2
tt0962424,5,5,3.0
tt0962424,4,2,1.2
tt0962424,3,0,0.0
tt0962424,2,5,3.0
tt0962424,1,4,2.4
tt0966155,10,19,12.7
tt0966155,9,10,6.7
tt0966155,8,33,22.0
tt0966155,7,46,30.7
tt0966155,6,26,17.3
tt0966155,5,4,2.7
tt0966155,4,1,0.7
tt0966155,3,1,0.7
tt0966155,2,4,2.7
tt0966155,1,6,4.0
tt0960485,10,23,15.9
tt0960485,9,19,13.1
tt0960485,8,41,28.3
tt0960485,7,35,24.1
tt0960485,6,18,12.4
tt0960485,5,3,2.1
tt0960485,4,1,0.7
tt0960485,3,1,0.7
tt0960485,2,2,1.4
tt0960485,1,2,1.4
tt0962963,10,26,16.6
tt0962963,9,20,12.7
tt0962963,8,43,27.4
tt0962963,7,39,24.8
tt0962963,6,11,7.0
tt0962963,5,6,3.8
tt0962963,4,3,1.9
tt0962963,3,0,0.0
tt0962963,2,3,1.9
tt0962963,1,6,3.8
tt0993354,10,18,12.2
tt0993354,9,18,12.2
tt0993354,8,31,20.9
tt0993354,7,49,33.1
tt0993354,6,18,12.2
tt0993354,5,6,4.1
tt0993354,4,2,1.4
tt0993354,3,0,0.0
tt0993354,2,2,1.4
tt0993354,1,4,2.7
tt0996071,10,25,17.5
tt0996071,9,19,13.3
tt0996071,8,50,35.0
tt0996071,7,29,20.3
tt0996071,6,8,5.6
tt0996071,5,7,4.9
tt0996071,4,1,0.7
tt0996071,3,0,0.0
tt0996071,2,2,1.4
tt0996071,1,2,1.4
tt0996072,10,29,18.5
tt0996072,9,27,17.2
tt0996072,8,55,35.0
tt0996072,7,29,18.5
tt0996072,6,9,5.7
tt0996072,5,2,1.3
tt0996072,4,1,0.6
tt0996072,3,0,0.0
tt0996072,2,3,1.9
tt0996072,1,2,1.3
tt1024519,10,23,15.5
tt1024519,9,21,14.2
tt1024519,8,44,29.7
tt1024519,7,37,25.0
tt1024519,6,7,4.7
tt1024519,5,6,4.1
tt1024519,4,2,1.4
tt1024519,3,0,0.0
tt1024519,2,3,2.0
tt1024519,1,5,3.4
tt1023387,10,39,21.9
tt1023387,9,34,19.1
tt1023387,8,45,25.3
tt1023387,7,31,17.4
tt1023387,6,13,7.3
tt1023387,5,8,4.5
tt1023387,4,1,0.6
tt1023387,3,3,1.7
tt1023387,2,2,1.1
tt1023387,1,2,1.1
tt1031360,10,40,19.3
tt1031360,9,36,17.4
tt1031360,8,50,24.2
tt1031360,7,49,23.7
tt1031360,6,14,6.8
tt1031360,5,6,2.9
tt1031360,4,5,2.4
tt1031360,3,1,0.5
tt1031360,2,4,1.9
tt1031360,1,2,1.0
tt1031371,10,29,16.0
tt1031371,9,27,14.9
tt1031371,8,58,32.0
tt1031371,7,40,22.1
tt1031371,6,11,6.1
tt1031371,5,10,5.5
tt1031371,4,1,0.6
tt1031371,3,0,0.0
tt1031371,2,3,1.7
tt1031371,1,2,1.1
tt1031375,10,21,13.2
tt1031375,9,15,9.4
tt1031375,8,37,23.3
tt1031375,7,46,28.9
tt1031375,6,19,11.9
tt1031375,5,12,7.5
tt1031375,4,1,0.6
tt1031375,3,2,1.3
tt1031375,2,2,1.3
tt1031375,1,4,2.5
tt1031376,10,32,19.8
tt1031376,9,16,9.9
tt1031376,8,47,29.0
tt1031376,7,39,24.1
tt1031376,6,13,8.0
tt1031376,5,6,3.7
tt1031376,4,3,1.9
tt1031376,3,0,0.0
tt1031376,2,2,1.2
tt1031376,1,4,2.5
tt1031377,10,43,22.6
tt1031377,9,29,15.3
tt1031377,8,59,31.1
tt1031377,7,34,17.9
tt1031377,6,12,6.3
tt1031377,5,6,3.2
tt1031377,4,1,0.5
tt1031377,3,1,0.5
tt1031377,2,2,1.1
tt1031377,1,3,1.6
tt1031362,10,28,17.0
tt1031362,9,25,15.2
tt1031362,8,38,23.0
tt1031362,7,50,30.3
tt1031362,6,10,6.1
tt1031362,5,7,4.2
tt1031362,4,1,0.6
tt1031362,3,1,0.6
tt1031362,2,3,1.8
tt1031362,1,2,1.2
tt1031361,10,36,20.3
tt1031361,9,29,16.4
tt1031361,8,54,30.5
tt1031361,7,38,21.5
tt1031361,6,6,3.4
tt1031361,5,5,2.8
tt1031361,4,2,1.1
tt1031361,3,0,0.0
tt1031361,2,3,1.7
tt1031361,1,4,2.3
tt1031380,10,37,22.3
tt1031380,9,26,15.7
tt1031380,8,52,31.3
tt1031380,7,31,18.7
tt1031380,6,9,5.4
tt1031380,5,5,3.0
tt1031380,4,1,0.6
tt1031380,3,0,0.0
tt1031380,2,2,1.2
tt1031380,1,3,1.8
tt1031363,10,24,14.3
tt1031363,9,25,14.9
tt1031363,8,60,35.7
tt1031363,7,35,20.8
tt1031363,6,12,7.1
tt1031363,5,5,3.0
tt1031363,4,2,1.2
tt1031363,3,0,0.0
tt1031363,2,2,1.2
tt1031363,1,3,1.8
tt1031364,10,34,18.0
tt1031364,9,29,15.3
tt1031364,8,49,25.9
tt1031364,7,50,26.5
tt1031364,6,16,8.5
tt1031364,5,6,3.2
tt1031364,4,1,0.5
tt1031364,3,0,0.0
tt1031364,2,2,1.1
tt1031364,1,2,1.1
tt1031378,10,33,18.6
tt1031378,9,27,15.3
tt1031378,8,55,31.1
tt1031378,7,33,18.6
tt1031378,6,15,8.5
tt1031378,5,5,2.8
tt1031378,4,2,1.1
tt1031378,3,1,0.6
tt1031378,2,3,1.7
tt1031378,1,3,1.7
tt1031379,10,33,20.0
tt1031379,9,27,16.4
tt1031379,8,52,31.5
tt1031379,7,36,21.8
tt1031379,6,6,3.6
tt1031379,5,2,1.2
tt1031379,4,3,1.8
tt1031379,3,0,0.0
tt1031379,2,2,1.2
tt1031379,1,4,2.4
tt1186499,10,31,17.7
tt1186499,9,23,13.1
tt1186499,8,49,28.0
tt1186499,7,40,22.9
tt1186499,6,14,8.0
tt1186499,5,6,3.4
tt1186499,4,3,1.7
tt1186499,3,1,0.6
tt1186499,2,4,2.3
tt1186499,1,4,2.3
tt1031365,10,63,29.7
tt1031365,9,53,25.0
tt1031365,8,50,23.6
tt1031365,7,29,13.7
tt1031365,6,6,2.8
tt1031365,5,4,1.9
tt1031365,4,1,0.5
tt1031365,3,0,0.0
tt1031365,2,2,0.9
tt1031365,1,4,1.9
tt1031366,10,18,11.9
tt1031366,9,18,11.9
tt1031366,8,45,29.8
tt1031366,7,39,25.8
tt1031366,6,14,9.3
tt1031366,5,6,4.0
tt1031366,4,4,2.6
tt1031366,3,2,1.3
tt1031366,2,3,2.0
tt1031366,1,2,1.3
tt1031367,10,38,23.2
tt1031367,9,28,17.1
tt1031367,8,55,33.5
tt1031367,7,27,16.5
tt1031367,6,7,4.3
tt1031367,5,3,1.8
tt1031367,4,2,1.2
tt1031367,3,0,0.0
tt1031367,2,2,1.2
tt1031367,1,2,1.2
tt1031368,10,26,16.2
tt1031368,9,22,13.8
tt1031368,8,58,36.2
tt1031368,7,27,16.9
tt1031368,6,12,7.5
tt1031368,5,6,3.8
tt1031368,4,3,1.9
tt1031368,3,1,0.6
tt1031368,2,2,1.2
tt1031368,1,3,1.9
tt1031369,10,38,22.5
tt1031369,9,39,23.1
tt1031369,8,62,36.7
tt1031369,7,18,10.7
tt1031369,6,4,2.4
tt1031369,5,4,2.4
tt1031369,4,0,0.0
tt1031369,3,0,0.0
tt1031369,2,2,1.2
tt1031369,1,2,1.2
tt1315734,10,35,20.5
tt1315734,9,25,14.6
tt1315734,8,60,35.1
tt1315734,7,31,18.1
tt1315734,6,4,2.3
tt1315734,5,9,5.3
tt1315734,4,2,1.2
tt1315734,3,0,0.0
tt1315734,2,2,1.2
tt1315734,1,3,1.8
tt1315733,10,20,12.3
tt1315733,9,31,19.0
tt1315733,8,57,35.0
tt1315733,7,32,19.6
tt1315733,6,13,8.0
tt1315733,5,5,3.1
tt1315733,4,0,0.0
tt1315733,3,1,0.6
tt1315733,2,3,1.8
tt1315733,1,1,0.6
tt1309113,10,29,16.2
tt1309113,9,30,16.8
tt1309113,8,55,30.7
tt1309113,7,34,19.0
tt1309113,6,8,4.5
tt1309113,5,10,5.6
tt1309113,4,4,2.2
tt1309113,3,0,0.0
tt1309113,2,4,2.2
tt1309113,1,5,2.8
tt1317920,10,26,16.0
tt1317920,9,22,13.6
tt1317920,8,53,32.7
tt1317920,7,30,18.5
tt1317920,6,14,8.6
tt1317920,5,6,3.7
tt1317920,4,2,1.2
tt1317920,3,1,0.6
tt1317920,2,2,1.2
tt1317920,1,6,3.7
tt1330434,10,39,22.4
tt1330434,9,34,19.5
tt1330434,8,59,33.9
tt1330434,7,29,16.7
tt1330434,6,4,2.3
tt1330434,5,4,2.3
tt1330434,4,0,0.0
tt1330434,3,1,0.6
tt1330434,2,3,1.7
tt1330434,1,1,0.6
tt1330435,10,30,16.1
tt1330435,9,29,15.6
tt1330435,8,65,34.9
tt1330435,7,37,19.9
tt1330435,6,13,7.0
tt1330435,5,5,2.7
tt1330435,4,0,0.0
tt1330435,3,1,0.5
tt1330435,2,2,1.1
tt1330435,1,4,2.2
tt1315735,10,39,21.7
tt1315735,9,42,23.3
tt1315735,8,51,28.3
tt1315735,7,26,14.4
tt1315735,6,14,7.8
tt1315735,5,2,1.1
tt1315735,4,1,0.6
tt1315735,3,1,0.6
tt1315735,2,3,1.7
tt1315735,1,1,0.6
tt1346782,10,30,18.2
tt1346782,9,37,22.4
tt1346782,8,55,33.3
tt1346782,7,26,15.8
tt1346782,6,10,6.1
tt1346782,5,3,1.8
tt1346782,4,0,0.0
tt1346782,3,1,0.6
tt1346782,2,2,1.2
tt1346782,1,1,0.6
tt1356058,10,43,24.3
tt1356058,9,41,23.2
tt1356058,8,55,31.1
tt1356058,7,23,13.0
tt1356058,6,7,4.0
tt1356058,5,1,0.6
tt1356058,4,0,0.0
tt1356058,3,1,0.6
tt1356058,2,2,1.1
tt1356058,1,4,2.3
tt1335347,10,37,20.8
tt1335347,9,31,17.4
tt1335347,8,65,36.5
tt1335347,7,25,14.0
tt1335347,6,12,6.7
tt1335347,5,1,0.6
tt1335347,4,2,1.1
tt1335347,3,2,1.1
tt1335347,2,2,1.1
tt1335347,1,1,0.6
tt1343616,10,23,15.9
tt1343616,9,18,12.4
tt1343616,8,45,31.0
tt1343616,7,38,26.2
tt1343616,6,12,8.3
tt1343616,5,5,3.4
tt1343616,4,0,0.0
tt1343616,3,0,0.0
tt1343616,2,3,2.1
tt1343616,1,1,0.7
tt1343617,10,22,14.2
tt1343617,9,22,14.2
tt1343617,8,51,32.9
tt1343617,7,39,25.2
tt1343617,6,9,5.8
tt1343617,5,6,3.9
tt1343617,4,2,1.3
tt1343617,3,0,0.0
tt1343617,2,3,1.9
tt1343617,1,1,0.6
tt1343618,10,19,13.0
tt1343618,9,14,9.6
tt1343618,8,52,35.6
tt1343618,7,33,22.6
tt1343618,6,14,9.6
tt1343618,5,6,4.1
tt1343618,4,2,1.4
tt1343618,3,1,0.7
tt1343618,2,3,2.1
tt1343618,1,2,1.4
tt1343619,10,16,11.3
tt1343619,9,16,11.3
tt1343619,8,32,22.5
tt1343619,7,44,31.0
tt1343619,6,20,14.1
tt1343619,5,7,4.9
tt1343619,4,0,0.0
tt1343619,3,1,0.7
tt1343619,2,2,1.4
tt1343619,1,4,2.8
tt1343620,10,17,12.7
tt1343620,9,12,9.0
tt1343620,8,40,29.9
tt1343620,7,41,30.6
tt1343620,6,14,10.4
tt1343620,5,4,3.0
tt1343620,4,1,0.7
tt1343620,3,1,0.7
tt1343620,2,2,1.5
tt1343620,1,2,1.5
tt1343621,10,23,16.0
tt1343621,9,18,12.5
tt1343621,8,37,25.7
tt1343621,7,41,28.5
tt1343621,6,13,9.0
tt1343621,5,4,2.8
tt1343621,4,1,0.7
tt1343621,3,1,0.7
tt1343621,2,3,2.1
tt1343621,1,3,2.1
tt1343622,10,23,14.9
tt1343622,9,21,13.6
tt1343622,8,58,37.7
tt1343622,7,33,21.4
tt1343622,6,9,5.8
tt1343622,5,5,3.2
tt1343622,4,0,0.0
tt1343622,3,0,0.0
tt1343622,2,2,1.3
tt1343622,1,3,1.9
tt1343623,10,22,15.7
tt1343623,9,17,12.1
tt1343623,8,40,28.6
tt1343623,7,32,22.9
tt1343623,6,13,9.3
tt1343623,5,7,5.0
tt1343623,4,1,0.7
tt1343623,3,2,1.4
tt1343623,2,2,1.4
tt1343623,1,4,2.9
tt1343624,10,22,15.8
tt1343624,9,16,11.5
tt1343624,8,38,27.3
tt1343624,7,43,30.9
tt1343624,6,10,7.2
tt1343624,5,3,2.2
tt1343624,4,2,1.4
tt1343624,3,0,0.0
tt1343624,2,2,1.4
tt1343624,1,3,2.2
tt1343625,10,19,13.8
tt1343625,9,15,10.9
tt1343625,8,43,31.2
tt1343625,7,37,26.8
tt1343625,6,11,8.0
tt1343625,5,2,1.4
tt1343625,4,3,2.2
tt1343625,3,2,1.4
tt1343625,2,3,2.2
tt1343625,1,3,2.2
tt1343626,10,43,24.6
tt1343626,9,33,18.9
tt1343626,8,50,28.6
tt1343626,7,33,18.9
tt1343626,6,6,3.4
tt1343626,5,2,1.1
tt1343626,4,2,1.1
tt1343626,3,1,0.6
tt1343626,2,3,1.7
tt1343626,1,2,1.1
tt1343627,10,45,25.6
tt1343627,9,39,22.2
tt1343627,8,50,28.4
tt1343627,7,25,14.2
tt1343627,6,10,5.7
tt1343627,5,3,1.7
tt1343627,4,0,0.0
tt1343627,3,0,0.0
tt1343627,2,2,1.1
tt1343627,1,2,1.1
tt1475913,10,39,19.5
tt1475913,9,30,15.0
tt1475913,8,54,27.0
tt1475913,7,40,20.0
tt1475913,6,16,8.0
tt1475913,5,6,3.0
tt1475913,4,3,1.5
tt1475913,3,4,2.0
tt1475913,2,4,2.0
tt1475913,1,4,2.0
tt1497512,10,47,23.3
tt1497512,9,36,17.8
tt1497512,8,68,33.7
tt1497512,7,30,14.9
tt1497512,6,8,4.0
tt1497512,5,6,3.0
tt1497512,4,1,0.5
tt1497512,3,2,1.0
tt1497512,2,3,1.5
tt1497512,1,1,0.5
tt1511145,10,55,26.4
tt1511145,9,32,15.4
tt1511145,8,61,29.3
tt1511145,7,33,15.9
tt1511145,6,14,6.7
tt1511145,5,4,1.9
tt1511145,4,0,0.0
tt1511145,3,2,1.0
tt1511145,2,2,1.0
tt1511145,1,5,2.4
tt1510431,10,16,10.7
tt1510431,9,18,12.1
tt1510431,8,31,20.8
tt1510431,7,51,34.2
tt1510431,6,20,13.4
tt1510431,5,5,3.4
tt1510431,4,3,2.0
tt1510431,3,2,1.3
tt1510431,2,2,1.3
tt1510431,1,1,0.7
tt1526907,10,37,20.1
tt1526907,9,35,19.0
tt1526907,8,43,23.4
tt1526907,7,28,15.2
tt1526907,6,15,8.2
tt1526907,5,5,2.7
tt1526907,4,6,3.3
tt1526907,3,0,0.0
tt1526907,2,6,3.3
tt1526907,1,9,4.9
tt1529049,10,31,19.3
tt1529049,9,30,18.6
tt1529049,8,47,29.2
tt1529049,7,32,19.9
tt1529049,6,12,7.5
tt1529049,5,4,2.5
tt1529049,4,1,0.6
tt1529049,3,0,0.0
tt1529049,2,3,1.9
tt1529049,1,1,0.6
tt1539399,10,20,12.1
tt1539399,9,24,14.5
tt1539399,8,45,27.3
tt1539399,7,45,27.3
tt1539399,6,16,9.7
tt1539399,5,7,4.2
tt1539399,4,3,1.8
tt1539399,3,0,0.0
tt1539399,2,3,1.8
tt1539399,1,2,1.2
tt1539400,10,28,16.5
tt1539400,9,35,20.6
tt1539400,8,53,31.2
tt1539400,7,37,21.8
tt1539400,6,9,5.3
tt1539400,5,3,1.8
tt1539400,4,1,0.6
tt1539400,3,0,0.0
tt1539400,2,3,1.8
tt1539400,1,1,0.6
tt1539401,10,50,25.9
tt1539401,9,47,24.4
tt1539401,8,58,30.1
tt1539401,7,27,14.0
tt1539401,6,4,2.1
tt1539401,5,3,1.6
tt1539401,4,1,0.5
tt1539401,3,0,0.0
tt1539401,2,3,1.6
tt1539401,1,0,0.0
tt1544307,10,23,14.5
tt1544307,9,30,18.9
tt1544307,8,52,32.7
tt1544307,7,36,22.6
tt1544307,6,10,6.3
tt1544307,5,3,1.9
tt1544307,4,0,0.0
tt1544307,3,0,0.0
tt1544307,2,3,1.9
tt1544307,1,2,1.3
tt1549656,10,32,18.7
tt1549656,9,26,15.2
tt1549656,8,54,31.6
tt1549656,7,38,22.2
tt1549656,6,9,5.3
tt1549656,5,5,2.9
tt1549656,4,1,0.6
tt1549656,3,1,0.6
tt1549656,2,2,1.2
tt1549656,1,3,1.8
tt1556824,10,21,12.1
tt1556824,9,18,10.4
tt1556824,8,47,27.2
tt1556824,7,48,27.7
tt1556824,6,22,12.7
tt1556824,5,6,3.5
tt1556824,4,3,1.7
tt1556824,3,2,1.2
tt1556824,2,3,1.7
tt1556824,1,3,1.7
tt1556364,10,31,18.3
tt1556364,9,26,15.4
tt1556364,8,59,34.9
tt1556364,7,36,21.3
tt1556364,6,7,4.1
tt1556364,5,4,2.4
tt1556364,4,2,1.2
tt1556364,3,0,0.0
tt1556364,2,3,1.8
tt1556364,1,1,0.6
tt1582303,10,21,13.0
tt1582303,9,30,18.6
tt1582303,8,47,29.2
tt1582303,7,40,24.8
tt1582303,6,11,6.8
tt1582303,5,7,4.3
tt1582303,4,2,1.2
tt1582303,3,0,0.0
tt1582303,2,2,1.2
tt1582303,1,1,0.6
tt1610810,10,31,18.5
tt1610810,9,24,14.3
tt1610810,8,56,33.3
tt1610810,7,33,19.6
tt1610810,6,14,8.3
tt1610810,5,4,2.4
tt1610810,4,0,0.0
tt1610810,3,0,0.0
tt1610810,2,3,1.8
tt1610810,1,3,1.8
tt1610811,10,46,25.0
tt1610811,9,36,19.6
tt1610811,8,62,33.7
tt1610811,7,23,12.5
tt1610811,6,6,3.3
tt1610811,5,3,1.6
tt1610811,4,2,1.1
tt1610811,3,0,0.0
tt1610811,2,4,2.2
tt1610811,1,2,1.1
tt1615323,10,21,14.5
tt1615323,9,32,22.1
tt1615323,8,49,33.8
tt1615323,7,28,19.3
tt1615323,6,8,5.5
tt1615323,5,3,2.1
tt1615323,4,0,0.0
tt1615323,3,1,0.7
tt1615323,2,2,1.4
tt1615323,1,1,0.7
tt1620131,10,22,14.4
tt1620131,9,16,10.5
tt1620131,8,27,17.6
tt1620131,7,53,34.6
tt1620131,6,20,13.1
tt1620131,5,4,2.6
tt1620131,4,4,2.6
tt1620131,3,1,0.7
tt1620131,2,4,2.6
tt1620131,1,2,1.3
tt1629040,10,24,15.3
tt1629040,9,22,14.0
tt1629040,8,50,31.8
tt1629040,7,38,24.2
tt1629040,6,16,10.2
tt1629040,5,3,1.9
tt1629040,4,1,0.6
tt1629040,3,0,0.0
tt1629040,2,2,1.3
tt1629040,1,1,0.6
tt1629041,10,23,15.0
tt1629041,9,20,13.1
tt1629041,8,53,34.6
tt1629041,7,32,20.9
tt1629041,6,16,10.5
tt1629041,5,4,2.6
tt1629041,4,0,0.0
tt1629041,3,2,1.3
tt1629041,2,2,1.3
tt1629041,1,1,0.7
tt1628344,10,30,18.1
tt1628344,9,39,23.5
tt1628344,8,52,31.3
tt1628344,7,31,18.7
tt1628344,6,10,6.0
tt1628344,5,1,0.6
tt1628344,4,0,0.0
tt1628344,3,0,0.0
tt1628344,2,3,1.8
tt1628344,1,0,0.0
tt1644790,10,29,19.0
tt1644790,9,21,13.7
tt1644790,8,41,26.8
tt1644790,7,42,27.5
tt1644790,6,11,7.2
tt1644790,5,4,2.6
tt1644790,4,0,0.0
tt1644790,3,2,1.3
tt1644790,2,2,1.3
tt1644790,1,1,0.7
tt1644791,10,117,44.3
tt1644791,9,59,22.3
tt1644791,8,40,15.2
tt1644791,7,24,9.1
tt1644791,6,7,2.7
tt1644791,5,3,1.1
tt1644791,4,4,1.5
tt1644791,3,0,0.0
tt1644791,2,4,1.5
tt1644791,1,6,2.3
tt0629700,10,675,55.5
tt0629700,9,181,14.9
tt0629700,8,194,15.9
tt0629700,7,105,8.6
tt0629700,6,26,2.1
tt0629700,5,14,1.2
tt0629700,4,3,0.2
tt0629700,3,3,0.2
tt0629700,2,4,0.3
tt0629700,1,12,1.0
tt0629606,10,554,56.1
tt0629606,9,122,12.4
tt0629606,8,171,17.3
tt0629606,7,84,8.5
tt0629606,6,30,3.0
tt0629606,5,13,1.3
tt0629606,4,1,0.1
tt0629606,3,3,0.3
tt0629606,2,2,0.2
tt0629606,1,7,0.7
tt0629693,10,296,35.6
tt0629693,9,203,24.4
tt0629693,8,167,20.1
tt0629693,7,98,11.8
tt0629693,6,43,5.2
tt0629693,5,11,1.3
tt0629693,4,2,0.2
tt0629693,3,1,0.1
tt0629693,2,2,0.2
tt0629693,1,9,1.1
tt0629669,10,538,58.3
tt0629669,9,109,11.8
tt0629669,8,155,16.8
tt0629669,7,85,9.2
tt0629669,6,18,2.0
tt0629669,5,8,0.9
tt0629669,4,1,0.1
tt0629669,3,2,0.2
tt0629669,2,1,0.1
tt0629669,1,6,0.7
tt0629753,10,520,58.3
tt0629753,9,80,9.0
tt0629753,8,120,13.5
tt0629753,7,104,11.7
tt0629753,6,43,4.8
tt0629753,5,9,1.0
tt0629753,4,5,0.6
tt0629753,3,2,0.2
tt0629753,2,2,0.2
tt0629753,1,7,0.8
tt0629735,10,515,58.9
tt0629735,9,73,8.3
tt0629735,8,150,17.1
tt0629735,7,83,9.5
tt0629735,6,29,3.3
tt0629735,5,8,0.9
tt0629735,4,5,0.6
tt0629735,3,4,0.5
tt0629735,2,2,0.2
tt0629735,1,6,0.7
tt0629750,10,548,61.6
tt0629750,9,111,12.5
tt0629750,8,133,15.0
tt0629750,7,71,8.0
tt0629750,6,6,0.7
tt0629750,5,4,0.4
tt0629750,4,1,0.1
tt0629750,3,1,0.1
tt0629750,2,2,0.2
tt0629750,1,12,1.3
tt0629737,10,527,60.9
tt0629737,9,102,11.8
tt0629737,8,135,15.6
tt0629737,7,68,7.9
tt0629737,6,15,1.7
tt0629737,5,7,0.8
tt0629737,4,3,0.3
tt0629737,3,2,0.2
tt0629737,2,1,0.1
tt0629737,1,6,0.7
tt0629739,10,261,34.8
tt0629739,9,194,25.9
tt0629739,8,134,17.9
tt0629739,7,80,10.7
tt0629739,6,52,6.9
tt0629739,5,9,1.2
tt0629739,4,4,0.5
tt0629739,3,2,0.3
tt0629739,2,3,0.4
tt0629739,1,11,1.5
tt0629626,10,222,32.9
tt0629626,9,194,28.8
tt0629626,8,144,21.4
tt0629626,7,73,10.8
tt0629626,6,19,2.8
tt0629626,5,8,1.2
tt0629626,4,1,0.1
tt0629626,3,0,0.0
tt0629626,2,1,0.1
tt0629626,1,12,1.8
tt0629614,10,228,36.3
tt0629614,9,138,22.0
tt0629614,8,142,22.6
tt0629614,7,75,11.9
tt0629614,6,24,3.8
tt0629614,5,7,1.1
tt0629614,4,4,0.6
tt0629614,3,2,0.3
tt0629614,2,1,0.2
tt0629614,1,7,1.1
tt0629725,10,496,58.5
tt0629725,9,42,5.0
tt0629725,8,111,13.1
tt0629725,7,86,10.1
tt0629725,6,54,6.4
tt0629725,5,19,2.2
tt0629725,4,9,1.1
tt0629725,3,10,1.2
tt0629725,2,7,0.8
tt0629725,1,14,1.7
tt0629646,10,511,61.0
tt0629646,9,87,10.4
tt0629646,8,134,16.0
tt0629646,7,60,7.2
tt0629646,6,23,2.7
tt0629646,5,11,1.3
tt0629646,4,1,0.1
tt0629646,3,1,0.1
tt0629646,2,2,0.2
tt0629646,1,8,1.0
tt0629677,10,267,31.3
tt0629677,9,77,9.0
tt0629677,8,327,38.3
tt0629677,7,58,6.8
tt0629677,6,18,2.1
tt0629677,5,10,1.2
tt0629677,4,1,0.1
tt0629677,3,4,0.5
tt0629677,2,1,0.1
tt0629677,1,90,10.6
tt0629650,10,496,60.6
tt0629650,9,71,8.7
tt0629650,8,120,14.7
tt0629650,7,75,9.2
tt0629650,6,27,3.3
tt0629650,5,10,1.2
tt0629650,4,6,0.7
tt0629650,3,4,0.5
tt0629650,2,3,0.4
tt0629650,1,7,0.9
tt0629747,10,493,60.4
tt0629747,9,107,13.1
tt0629747,8,112,13.7
tt0629747,7,56,6.9
tt0629747,6,6,0.7
tt0629747,5,7,0.9
tt0629747,4,1,0.1
tt0629747,3,0,0.0
tt0629747,2,1,0.1
tt0629747,1,33,4.0
tt0629685,10,293,46.9
tt0629685,9,61,9.8
tt0629685,8,116,18.6
tt0629685,7,83,13.3
tt0629685,6,30,4.8
tt0629685,5,13,2.1
tt0629685,4,3,0.5
tt0629685,3,3,0.5
tt0629685,2,1,0.2
tt0629685,1,22,3.5
tt0629624,10,512,61.5
tt0629624,9,73,8.8
tt0629624,8,102,12.2
tt0629624,7,80,9.6
tt0629624,6,34,4.1
tt0629624,5,14,1.7
tt0629624,4,0,0.0
tt0629624,3,1,0.1
tt0629624,2,2,0.2
tt0629624,1,15,1.8
tt0629632,10,220,32.3
tt0629632,9,205,30.1
tt0629632,8,140,20.5
tt0629632,7,63,9.2
tt0629632,6,25,3.7
tt0629632,5,13,1.9
tt0629632,4,0,0.0
tt0629632,3,0,0.0
tt0629632,2,2,0.3
tt0629632,1,14,2.1
tt0629714,10,548,62.4
tt0629714,9,121,13.8
tt0629714,8,120,13.7
tt0629714,7,46,5.2
tt0629714,6,19,2.2
tt0629714,5,7,0.8
tt0629714,4,1,0.1
tt0629714,3,0,0.0
tt0629714,2,1,0.1
tt0629714,1,15,1.7
tt0629690,10,549,64.4
tt0629690,9,126,14.8
tt0629690,8,103,12.1
tt0629690,7,37,4.3
tt0629690,6,13,1.5
tt0629690,5,5,0.6
tt0629690,4,2,0.2
tt0629690,3,1,0.1
tt0629690,2,1,0.1
tt0629690,1,16,1.9
tt0629734,10,548,62.8
tt0629734,9,115,13.2
tt0629734,8,109,12.5
tt0629734,7,59,6.8
tt0629734,6,13,1.5
tt0629734,5,7,0.8
tt0629734,4,2,0.2
tt0629734,3,1,0.1
tt0629734,2,1,0.1
tt0629734,1,17,1.9
tt0629757,10,529,60.3
tt0629757,9,107,12.2
tt0629757,8,130,14.8
tt0629757,7,68,7.8
tt0629757,6,22,2.5
tt0629757,5,12,1.4
tt0629757,4,1,0.1
tt0629757,3,0,0.0
tt0629757,2,1,0.1
tt0629757,1,7,0.8
tt0629667,10,236,37.0
tt0629667,9,146,22.9
tt0629667,8,123,19.3
tt0629667,7,75,11.8
tt0629667,6,28,4.4
tt0629667,5,10,1.6
tt0629667,4,5,0.8
tt0629667,3,1,0.2
tt0629667,2,1,0.2
tt0629667,1,13,2.0
tt0629627,10,335,49.0
tt0629627,9,163,23.8
tt0629627,8,101,14.8
tt0629627,7,41,6.0
tt0629627,6,11,1.6
tt0629627,5,7,1.0
tt0629627,4,1,0.1
tt0629627,3,0,0.0
tt0629627,2,1,0.1
tt0629627,1,24,3.5
tt0629676,10,345,47.1
tt0629676,9,150,20.5
tt0629676,8,96,13.1
tt0629676,7,59,8.1
tt0629676,6,17,2.3
tt0629676,5,6,0.8
tt0629676,4,3,0.4
tt0629676,3,0,0.0
tt0629676,2,2,0.3
tt0629676,1,54,7.4
tt0629613,10,564,64.9
tt0629613,9,107,12.3
tt0629613,8,106,12.2
tt0629613,7,55,6.3
tt0629613,6,19,2.2
tt0629613,5,6,0.7
tt0629613,4,1,0.1
tt0629613,3,0,0.0
tt0629613,2,2,0.2
tt0629613,1,9,1.0
tt0629691,10,203,34.0
tt0629691,9,154,25.8
tt0629691,8,126,21.1
tt0629691,7,66,11.1
tt0629691,6,26,4.4
tt0629691,5,10,1.7
tt0629691,4,2,0.3
tt0629691,3,2,0.3
tt0629691,2,1,0.2
tt0629691,1,7,1.2
tt0629612,10,216,34.6
tt0629612,9,154,24.7
tt0629612,8,126,20.2
tt0629612,7,67,10.7
tt0629612,6,41,6.6
tt0629612,5,7,1.1
tt0629612,4,3,0.5
tt0629612,3,0,0.0
tt0629612,2,2,0.3
tt0629612,1,8,1.3
tt0629745,10,186,31.1
tt0629745,9,201,33.6
tt0629745,8,129,21.5
tt0629745,7,50,8.3
tt0629745,6,12,2.0
tt0629745,5,8,1.3
tt0629745,4,2,0.3
tt0629745,3,0,0.0
tt0629745,2,3,0.5
tt0629745,1,8,1.3
tt0629703,10,498,60.7
tt0629703,9,76,9.3
tt0629703,8,109,13.3
tt0629703,7,84,10.2
tt0629703,6,29,3.5
tt0629703,5,11,1.3
tt0629703,4,2,0.2
tt0629703,3,1,0.1
tt0629703,2,3,0.4
tt0629703,1,7,0.9
tt0629631,10,241,36.5
tt0629631,9,164,24.8
tt0629631,8,133,20.2
tt0629631,7,83,12.6
tt0629631,6,22,3.3
tt0629631,5,7,1.1
tt0629631,4,2,0.3
tt0629631,3,1,0.2
tt0629631,2,1,0.2
tt0629631,1,6,0.9
tt0629608,10,264,41.1
tt0629608,9,136,21.2
tt0629608,8,123,19.1
tt0629608,7,58,9.0
tt0629608,6,33,5.1
tt0629608,5,13,2.0
tt0629608,4,4,0.6
tt0629608,3,5,0.8
tt0629608,2,1,0.2
tt0629608,1,6,0.9
tt0629729,10,460,61.1
tt0629729,9,81,10.8
tt0629729,8,102,13.5
tt0629729,7,68,9.0
tt0629729,6,21,2.8
tt0629729,5,11,1.5
tt0629729,4,4,0.5
tt0629729,3,0,0.0
tt0629729,2,1,0.1
tt0629729,1,5,0.7
tt0629751,10,209,35.4
tt0629751,9,160,27.1
tt0629751,8,122,20.7
tt0629751,7,62,10.5
tt0629751,6,19,3.2
tt0629751,5,6,1.0
tt0629751,4,4,0.7
tt0629751,3,0,0.0
tt0629751,2,1,0.2
tt0629751,1,7,1.2
tt0629697,10,488,64.2
tt0629697,9,86,11.3
tt0629697,8,90,11.8
tt0629697,7,60,7.9
tt0629697,6,15,2.0
tt0629697,5,7,0.9
tt0629697,4,4,0.5
tt0629697,3,2,0.3
tt0629697,2,2,0.3
tt0629697,1,6,0.8
tt0629635,10,332,53.0
tt0629635,9,121,19.3
tt0629635,8,91,14.5
tt0629635,7,29,4.6
tt0629635,6,11,1.8
tt0629635,5,4,0.6
tt0629635,4,1,0.2
tt0629635,3,0,0.0
tt0629635,2,2,0.3
tt0629635,1,36,5.7
tt0629724,10,519,65.9
tt0629724,9,66,8.4
tt0629724,8,92,11.7
tt0629724,7,65,8.2
tt0629724,6,22,2.8
tt0629724,5,8,1.0
tt0629724,4,5,0.6
tt0629724,3,3,0.4
tt0629724,2,3,0.4
tt0629724,1,5,0.6
tt0629655,10,512,64.6
tt0629655,9,64,8.1
tt0629655,8,97,12.2
tt0629655,7,83,10.5
tt0629655,6,18,2.3
tt0629655,5,9,1.1
tt0629655,4,2,0.3
tt0629655,3,1,0.1
tt0629655,2,2,0.3
tt0629655,1,5,0.6
tt0629681,10,319,52.2
tt0629681,9,113,18.5
tt0629681,8,78,12.8
tt0629681,7,37,6.1
tt0629681,6,11,1.8
tt0629681,5,4,0.7
tt0629681,4,1,0.2
tt0629681,3,0,0.0
tt0629681,2,2,0.3
tt0629681,1,46,7.5
tt0629698,10,508,65.0
tt0629698,9,73,9.3
tt0629698,8,108,13.8
tt0629698,7,55,7.0
tt0629698,6,21,2.7
tt0629698,5,5,0.6
tt0629698,4,2,0.3
tt0629698,3,0,0.0
tt0629698,2,2,0.3
tt0629698,1,7,0.9
tt0629702,10,562,65.7
tt0629702,9,118,13.8
tt0629702,8,83,9.7
tt0629702,7,49,5.7
tt0629702,6,15,1.8
tt0629702,5,6,0.7
tt0629702,4,1,0.1
tt0629702,3,1,0.1
tt0629702,2,3,0.4
tt0629702,1,17,2.0
tt0629728,10,563,65.8
tt0629728,9,113,13.2
tt0629728,8,99,11.6
tt0629728,7,44,5.1
tt0629728,6,10,1.2
tt0629728,5,10,1.2
tt0629728,4,2,0.2
tt0629728,3,0,0.0
tt0629728,2,1,0.1
tt0629728,1,13,1.5
tt0629715,10,537,64.9
tt0629715,9,84,10.2
tt0629715,8,106,12.8
tt0629715,7,61,7.4
tt0629715,6,18,2.2
tt0629715,5,12,1.5
tt0629715,4,0,0.0
tt0629715,3,0,0.0
tt0629715,2,3,0.4
tt0629715,1,6,0.7
tt0629756,10,555,65.4
tt0629756,9,96,11.3
tt0629756,8,96,11.3
tt0629756,7,55,6.5
tt0629756,6,15,1.8
tt0629756,5,10,1.2
tt0629756,4,1,0.1
tt0629756,3,4,0.5
tt0629756,2,3,0.4
tt0629756,1,13,1.5
tt0629740,10,187,33.7
tt0629740,9,191,34.4
tt0629740,8,97,17.5
tt0629740,7,44,7.9
tt0629740,6,11,2.0
tt0629740,5,9,1.6
tt0629740,4,1,0.2
tt0629740,3,1,0.2
tt0629740,2,1,0.2
tt0629740,1,13,2.3
tt0629722,10,191,31.3
tt0629722,9,214,35.1
tt0629722,8,101,16.6
tt0629722,7,51,8.4
tt0629722,6,25,4.1
tt0629722,5,8,1.3
tt0629722,4,4,0.7
tt0629722,3,0,0.0
tt0629722,2,1,0.2
tt0629722,1,15,2.5
tt0629746,10,472,64.7
tt0629746,9,68,9.3
tt0629746,8,109,15.0
tt0629746,7,52,7.1
tt0629746,6,12,1.6
tt0629746,5,7,1.0
tt0629746,4,2,0.3
tt0629746,3,0,0.0
tt0629746,2,1,0.1
tt0629746,1,6,0.8
tt0629713,10,177,29.8
tt0629713,9,209,35.2
tt0629713,8,112,18.9
tt0629713,7,51,8.6
tt0629713,6,15,2.5
tt0629713,5,9,1.5
tt0629713,4,4,0.7
tt0629713,3,3,0.5
tt0629713,2,2,0.3
tt0629713,1,12,2.0
tt0629726,10,544,66.3
tt0629726,9,85,10.4
tt0629726,8,102,12.4
tt0629726,7,57,6.9
tt0629726,6,16,1.9
tt0629726,5,8,1.0
tt0629726,4,2,0.2
tt0629726,3,1,0.1
tt0629726,2,1,0.1
tt0629726,1,5,0.6
tt0629672,10,482,64.7
tt0629672,9,67,9.0
tt0629672,8,107,14.4
tt0629672,7,53,7.1
tt0629672,6,14,1.9
tt0629672,5,12,1.6
tt0629672,4,1,0.1
tt0629672,3,1,0.1
tt0629672,2,1,0.1
tt0629672,1,7,0.9
tt0629620,10,177,30.5
tt0629620,9,214,36.9
tt0629620,8,105,18.1
tt0629620,7,43,7.4
tt0629620,6,16,2.8
tt0629620,5,10,1.7
tt0629620,4,1,0.2
tt0629620,3,0,0.0
tt0629620,2,1,0.2
tt0629620,1,13,2.2
tt0629717,10,559,64.4
tt0629717,9,125,14.4
tt0629717,8,102,11.8
tt0629717,7,37,4.3
tt0629717,6,12,1.4
tt0629717,5,8,0.9
tt0629717,4,1,0.1
tt0629717,3,2,0.2
tt0629717,2,2,0.2
tt0629717,1,20,2.3
tt0629686,10,540,65.4
tt0629686,9,99,12.0
tt0629686,8,104,12.6
tt0629686,7,47,5.7
tt0629686,6,8,1.0
tt0629686,5,7,0.8
tt0629686,4,3,0.4
tt0629686,3,2,0.2
tt0629686,2,1,0.1
tt0629686,1,15,1.8
tt0629708,10,213,41.7
tt0629708,9,74,14.5
tt0629708,8,90,17.6
tt0629708,7,79,15.5
tt0629708,6,29,5.7
tt0629708,5,15,2.9
tt0629708,4,1,0.2
tt0629708,3,2,0.4
tt0629708,2,1,0.2
tt0629708,1,7,1.4
tt0629707,10,500,64.9
tt0629707,9,85,11.0
tt0629707,8,91,11.8
tt0629707,7,54,7.0
tt0629707,6,12,1.6
tt0629707,5,11,1.4
tt0629707,4,2,0.3
tt0629707,3,1,0.1
tt0629707,2,1,0.1
tt0771260,7,59,7.1
tt0771260,6,26,3.1
tt0771260,5,11,1.3
tt0771260,4,3,0.4
tt0771260,3,8,1.0
tt0771260,2,1,0.1
tt0771260,1,11,1.3
tt0799656,10,502,60.3
tt0799656,9,148,17.8
tt0799656,8,99,11.9
tt0799656,7,52,6.2
tt0799656,6,14,1.7
tt0799656,5,8,1.0
tt0799656,4,1,0.1
tt0799656,3,0,0.0
tt0799656,2,2,0.2
tt0799656,1,6,0.7
tt0807685,10,508,64.1
tt0807685,9,79,10.0
tt0807685,8,100,12.6
tt0807685,7,60,7.6
tt0807685,6,22,2.8
tt0807685,5,12,1.5
tt0807685,4,1,0.1
tt0807685,3,0,0.0
tt0807685,2,3,0.4
tt0807685,1,7,0.9
tt0860060,10,190,32.3
tt0860060,9,185,31.4
tt0860060,8,116,19.7
tt0860060,7,50,8.5
tt0860060,6,22,3.7
tt0860060,5,11,1.9
tt0860060,4,2,0.3
tt0860060,3,0,0.0
tt0860060,2,2,0.3
tt0860060,1,11,1.9
tt0860059,10,486,62.1
tt0860059,9,68,8.7
tt0860059,8,107,13.7
tt0860059,7,63,8.1
tt0860059,6,29,3.7
tt0860059,5,11,1.4
tt0860059,4,1,0.1
tt0860059,3,4,0.5
tt0860059,2,2,0.3
tt0860059,1,11,1.4
tt0863685,10,501,62.9
tt0863685,9,89,11.2
tt0863685,8,108,13.6
tt0863685,7,52,6.5
tt0863685,6,19,2.4
tt0863685,5,12,1.5
tt0863685,4,2,0.3
tt0863685,3,3,0.4
tt0863685,2,2,0.3
tt0863685,1,9,1.1
tt0853818,10,492,60.4
tt0853818,9,96,11.8
tt0853818,8,119,14.6
tt0853818,7,55,6.8
tt0853818,6,25,3.1
tt0853818,5,11,1.4
tt0853818,4,2,0.2
tt0853818,3,4,0.5
tt0853818,2,2,0.2
tt0853818,1,8,1.0
tt0882455,10,480,63.9
tt0882455,9,80,10.7
tt0882455,8,96,12.8
tt0882455,7,47,6.3
tt0882455,6,22,2.9
tt0882455,5,11,1.5
tt0882455,4,1,0.1
tt0882455,3,2,0.3
tt0882455,2,3,0.4
tt0882455,1,9,1.2
tt0883172,10,471,62.9
tt0883172,9,94,12.6
tt0883172,8,96,12.8
tt0883172,7,47,6.3
tt0883172,6,16,2.1
tt0883172,5,7,0.9
tt0883172,4,4,0.5
tt0883172,3,2,0.3
tt0883172,2,3,0.4
tt0883172,1,9,1.2
tt0887553,10,489,65.2
tt0887553,9,55,7.3
tt0887553,8,92,12.3
tt0887553,7,63,8.4
tt0887553,6,20,2.7
tt0887553,5,9,1.2
tt0887553,4,4,0.5
tt0887553,3,1,0.1
tt0887553,2,5,0.7
tt0887553,1,12,1.6
tt0897711,10,473,61.7
tt0897711,9,90,11.7
tt0897711,8,110,14.3
tt0897711,7,49,6.4
tt0897711,6,17,2.2
tt0897711,5,14,1.8
tt0897711,4,1,0.1
tt0897711,3,2,0.3
tt0897711,2,3,0.4
tt0897711,1,8,1.0
tt0897712,10,508,65.5
tt0897712,9,71,9.1
tt0897712,8,99,12.8
tt0897712,7,55,7.1
tt0897712,6,19,2.4
tt0897712,5,12,1.5
tt0897712,4,3,0.4
tt0897712,3,2,0.3
tt0897712,2,1,0.1
tt0897712,1,6,0.8
tt0925453,10,388,53.8
tt0925453,9,128,17.8
tt0925453,8,86,11.9
tt0925453,7,38,5.3
tt0925453,6,18,2.5
tt0925453,5,10,1.4
tt0925453,4,0,0.0
tt0925453,3,0,0.0
tt0925453,2,4,0.6
tt0925453,1,49,6.8
tt0925451,10,502,64.9
tt0925451,9,99,12.8
tt0925451,8,87,11.3
tt0925451,7,42,5.4
tt0925451,6,20,2.6
tt0925451,5,10,1.3
tt0925451,4,4,0.5
tt0925451,3,1,0.1
tt0925451,2,2,0.3
tt0925451,1,6,0.8
tt0915390,10,528,64.0
tt0915390,9,65,7.9
tt0915390,8,101,12.2
tt0915390,7,60,7.3
tt0915390,6,27,3.3
tt0915390,5,16,1.9
tt0915390,4,3,0.4
tt0915390,3,7,0.8
tt0915390,2,5,0.6
tt0915390,1,13,1.6
tt0946365,10,388,56.2
tt0946365,9,111,16.1
tt0946365,8,94,13.6
tt0946365,7,45,6.5
tt0946365,6,27,3.9
tt0946365,5,13,1.9
tt0946365,4,2,0.3
tt0946365,3,0,0.0
tt0946365,2,1,0.1
tt0946365,1,10,1.4
tt0963576,10,376,54.6
tt0963576,9,135,19.6
tt0963576,8,98,14.2
tt0963576,7,43,6.2
tt0963576,6,13,1.9
tt0963576,5,11,1.6
tt0963576,4,1,0.1
tt0963576,3,0,0.0
tt0963576,2,1,0.1
tt0963576,1,11,1.6
tt0946364,10,186,34.8
tt0946364,9,155,29.0
tt0946364,8,95,17.8
tt0946364,7,56,10.5
tt0946364,6,20,3.7
tt0946364,5,8,1.5
tt0946364,4,1,0.2
tt0946364,3,0,0.0
tt0946364,2,5,0.9
tt0946364,1,9,1.7
tt0946366,10,191,36.0
tt0946366,9,151,28.4
tt0946366,8,103,19.4
tt0946366,7,41,7.7
tt0946366,6,17,3.2
tt0946366,5,8,1.5
tt0946366,4,3,0.6
tt0946366,3,1,0.2
tt0946366,2,1,0.2
tt0946366,1,15,2.8
tt0976643,10,476,65.6
tt0976643,9,81,11.2
tt0976643,8,80,11.0
tt0976643,7,52,7.2
tt0976643,6,8,1.1
tt0976643,5,16,2.2
tt0976643,4,1,0.1
tt0976643,3,0,0.0
tt0976643,2,2,0.3
tt0976643,1,10,1.4
tt0940158,10,502,61.4
tt0940158,9,107,13.1
tt0940158,8,107,13.1
tt0940158,7,47,5.7
tt0940158,6,16,2.0
tt0940158,5,12,1.5
tt0940158,4,3,0.4
tt0940158,3,3,0.4
tt0940158,2,7,0.9
tt0940158,1,14,1.7
tt0946363,10,178,34.6
tt0946363,9,180,35.0
tt0946363,8,89,17.3
tt0946363,7,31,6.0
tt0946363,6,9,1.8
tt0946363,5,13,2.5
tt0946363,4,0,0.0
tt0946363,3,0,0.0
tt0946363,2,2,0.4
tt0946363,1,12,2.3
tt0950279,10,187,36.8
tt0950279,9,140,27.6
tt0950279,8,103,20.3
tt0950279,7,43,8.5
tt0950279,6,12,2.4
tt0950279,5,6,1.2
tt0950279,4,4,0.8
tt0950279,3,1,0.2
tt0950279,2,2,0.4
tt0950279,1,10,2.0
tt0966157,10,559,65.0
tt0966157,9,115,13.4
tt0966157,8,102,11.9
tt0966157,7,38,4.4
tt0966157,6,20,2.3
tt0966157,5,5,0.6
tt0966157,4,2,0.2
tt0966157,3,3,0.3
tt0966157,2,1,0.1
tt0966157,1,15,1.7
tt1017770,10,651,67.0
tt1017770,9,147,15.1
tt1017770,8,65,6.7
tt1017770,7,24,2.5
tt1017770,6,14,1.4
tt1017770,5,12,1.2
tt1017770,4,1,0.1
tt1017770,3,1,0.1
tt1017770,2,8,0.8
tt1017770,1,48,4.9
tt1015431,10,705,65.5
tt1015431,9,191,17.7
tt1015431,8,95,8.8
tt1015431,7,37,3.4
tt1015431,6,13,1.2
tt1015431,5,10,0.9
tt1015431,4,4,0.4
tt1015431,3,3,0.3
tt1015431,2,5,0.5
tt1015431,1,14,1.3
tt1015442,10,536,60.6
tt1015442,9,73,8.2
tt1015442,8,114,12.9
tt1015442,7,57,6.4
tt1015442,6,30,3.4
tt1015442,5,13,1.5
tt1015442,4,16,1.8
tt1015442,3,11,1.2
tt1015442,2,10,1.1
tt1015442,1,25,2.8
tt1015446,10,221,32.5
tt1015446,9,213,31.3
tt1015446,8,147,21.6
tt1015446,7,53,7.8
tt1015446,6,15,2.2
tt1015446,5,12,1.8
tt1015446,4,1,0.1
tt1015446,3,5,0.7
tt1015446,2,1,0.1
tt1015446,1,12,1.8
tt1015447,10,551,62.5
tt1015447,9,140,15.9
tt1015447,8,102,11.6
tt1015447,7,34,3.9
tt1015447,6,10,1.1
tt1015447,5,14,1.6
tt1015447,4,4,0.5
tt1015447,3,3,0.3
tt1015447,2,1,0.1
tt1015447,1,23,2.6
tt1015448,10,282,40.3
tt1015448,9,143,20.4
tt1015448,8,102,14.6
tt1015448,7,69,9.9
tt1015448,6,26,3.7
tt1015448,5,22,3.1
tt1015448,4,7,1.0
tt1015448,3,6,0.9
tt1015448,2,10,1.4
tt1015448,1,33,4.7
tt1015449,10,544,64.2
tt1015449,9,80,9.4
tt1015449,8,126,14.9
tt1015449,7,45,5.3
tt1015449,6,21,2.5
tt1015449,5,16,1.9
tt1015449,4,2,0.2
tt1015449,3,3,0.4
tt1015449,2,2,0.2
tt1015449,1,9,1.1
tt1015450,10,188,31.8
tt1015450,9,210,35.5
tt1015450,8,94,15.9
tt1015450,7,57,9.6
tt1015450,6,15,2.5
tt1015450,5,9,1.5
tt1015450,4,2,0.3
tt1015450,3,2,0.3
tt1015450,2,2,0.3
tt1015450,1,13,2.2
tt1015451,10,514,64.2
tt1015451,9,76,9.5
tt1015451,8,92,11.5
tt1015451,7,59,7.4
tt1015451,6,24,3.0
tt1015451,5,12,1.5
tt1015451,4,3,0.4
tt1015451,3,2,0.2
tt1015451,2,4,0.5
tt1015451,1,15,1.9
tt1015452,10,617,63.8
tt1015452,9,165,17.1
tt1015452,8,82,8.5
tt1015452,7,29,3.0
tt1015452,6,14,1.4
tt1015452,5,12,1.2
tt1015452,4,7,0.7
tt1015452,3,0,0.0
tt1015452,2,2,0.2
tt1015452,1,39,4.0
tt1015432,10,170,27.1
tt1015432,9,60,9.6
tt1015432,8,262,41.7
tt1015432,7,63,10.0
tt1015432,6,34,5.4
tt1015432,5,16,2.5
tt1015432,4,5,0.8
tt1015432,3,2,0.3
tt1015432,2,3,0.5
tt1015432,1,13,2.1
tt1015433,10,266,32.5
tt1015433,9,231,28.2
tt1015433,8,140,17.1
tt1015433,7,84,10.3
tt1015433,6,41,5.0
tt1015433,5,31,3.8
tt1015433,4,1,0.1
tt1015433,3,2,0.2
tt1015433,2,3,0.4
tt1015433,1,20,2.4
tt1015434,10,577,61.0
tt1015434,9,165,17.4
tt1015434,8,98,10.4
tt1015434,7,32,3.4
tt1015434,6,9,1.0
tt1015434,5,11,1.2
tt1015434,4,6,0.6
tt1015434,3,1,0.1
tt1015434,2,2,0.2
tt1015434,1,45,4.8
tt1015435,10,229,36.6
tt1015435,9,161,25.7
tt1015435,8,114,18.2
tt1015435,7,69,11.0
tt1015435,6,25,4.0
tt1015435,5,10,1.6
tt1015435,4,1,0.2
tt1015435,3,4,0.6
tt1015435,2,1,0.2
tt1015435,1,12,1.9
tt1015436,10,125,19.6
tt1015436,9,94,14.7
tt1015436,8,325,50.9
tt1015436,7,42,6.6
tt1015436,6,20,3.1
tt1015436,5,11,1.7
tt1015436,4,2,0.3
tt1015436,3,0,0.0
tt1015436,2,1,0.2
tt1015436,1,18,2.8
tt1015437,10,728,63.9
tt1015437,9,200,17.5
tt1015437,8,86,7.5
tt1015437,7,22,1.9
tt1015437,6,7,0.6
tt1015437,5,15,1.3
tt1015437,4,2,0.2
tt1015437,3,2,0.2
tt1015437,2,1,0.1
tt1015437,1,77,6.8
tt1015438,10,215,32.2
tt1015438,9,218,32.7
tt1015438,8,125,18.7
tt1015438,7,60,9.0
tt1015438,6,13,1.9
tt1015438,5,10,1.5
tt1015438,4,7,1.0
tt1015438,3,2,0.3
tt1015438,2,3,0.4
tt1015438,1,14,2.1
tt1015439,10,911,64.3
tt1015439,9,268,18.9
tt1015439,8,113,8.0
tt1015439,7,44,3.1
tt1015439,6,20,1.4
tt1015439,5,15,1.1
tt1015439,4,5,0.4
tt1015439,3,3,0.2
tt1015439,2,5,0.4
tt1015439,1,33,2.3
tt1015440,10,502,63.1
tt1015440,9,101,12.7
tt1015440,8,95,11.9
tt1015440,7,41,5.2
tt1015440,6,13,1.6
tt1015440,5,14,1.8
tt1015440,4,6,0.8
tt1015440,3,3,0.4
tt1015440,2,2,0.3
tt1015440,1,18,2.3
tt1015441,10,485,61.5
tt1015441,9,107,13.6
tt1015441,8,97,12.3
tt1015441,7,43,5.4
tt1015441,6,10,1.3
tt1015441,5,15,1.9
tt1015441,4,6,0.8
tt1015441,3,0,0.0
tt1015441,2,3,0.4
tt1015441,1,23,2.9
tt1236460,10,232,34.5
tt1236460,9,192,28.6
tt1236460,8,131,19.5
tt1236460,7,67,10.0
tt1236460,6,24,3.6
tt1236460,5,11,1.6
tt1236460,4,1,0.1
tt1236460,3,2,0.3
tt1236460,2,1,0.1
tt1236460,1,11,1.6
tt1248632,10,453,54.1
tt1248632,9,151,18.0
tt1248632,8,116,13.9
tt1248632,7,62,7.4
tt1248632,6,18,2.2
tt1248632,5,12,1.4
tt1248632,4,4,0.5
tt1248632,3,4,0.5
tt1248632,2,3,0.4
tt1248632,1,14,1.7
tt1248636,10,617,62.9
tt1248636,9,151,15.4
tt1248636,8,116,11.8
tt1248636,7,39,4.0
tt1248636,6,17,1.7
tt1248636,5,10,1.0
tt1248636,4,4,0.4
tt1248636,3,1,0.1
tt1248636,2,5,0.5
tt1248636,1,21,2.1
tt1248637,10,519,63.4
tt1248637,9,54,6.6
tt1248637,8,107,13.1
tt1248637,7,75,9.2
tt1248637,6,32,3.9
tt1248637,5,12,1.5
tt1248637,4,6,0.7
tt1248637,3,3,0.4
tt1248637,2,5,0.6
tt1248637,1,5,0.6
tt1248638,10,210,35.0
tt1248638,9,172,28.7
tt1248638,8,111,18.5
tt1248638,7,56,9.3
tt1248638,6,22,3.7
tt1248638,5,9,1.5
tt1248638,4,3,0.5
tt1248638,3,4,0.7
tt1248638,2,1,0.2
tt1248638,1,12,2.0
tt1248639,10,563,63.5
tt1248639,9,102,11.5
tt1248639,8,114,12.9
tt1248639,7,54,6.1
tt1248639,6,22,2.5
tt1248639,5,10,1.1
tt1248639,4,5,0.6
tt1248639,3,3,0.3
tt1248639,2,4,0.5
tt1248639,1,10,1.1
tt1248640,10,582,68.1
tt1248640,9,100,11.7
tt1248640,8,88,10.3
tt1248640,7,37,4.3
tt1248640,6,16,1.9
tt1248640,5,13,1.5
tt1248640,4,3,0.4
tt1248640,3,3,0.4
tt1248640,2,2,0.2
tt1248640,1,10,1.2
tt1248641,10,567,62.4
tt1248641,9,150,16.5
tt1248641,8,104,11.5
tt1248641,7,35,3.9
tt1248641,6,13,1.4
tt1248641,5,9,1.0
tt1248641,4,1,0.1
tt1248641,3,1,0.1
tt1248641,2,2,0.2
tt1248641,1,26,2.9
tt1248642,10,199,31.7
tt1248642,9,243,38.8
tt1248642,8,91,14.5
tt1248642,7,41,6.5
tt1248642,6,16,2.6
tt1248642,5,6,1.0
tt1248642,4,2,0.3
tt1248642,3,1,0.2
tt1248642,2,2,0.3
tt1248642,1,26,4.1
tt1248622,10,479,62.9
tt1248622,9,84,11.0
tt1248622,8,118,15.5
tt1248622,7,50,6.6
tt1248622,6,10,1.3
tt1248622,5,10,1.3
tt1248622,4,1,0.1
tt1248622,3,0,0.0
tt1248622,2,3,0.4
tt1248622,1,6,0.8
tt1248623,10,443,56.5
tt1248623,9,142,18.1
tt1248623,8,95,12.1
tt1248623,7,25,3.2
tt1248623,6,12,1.5
tt1248623,5,6,0.8
tt1248623,4,3,0.4
tt1248623,3,0,0.0
tt1248623,2,1,0.1
tt1248623,1,57,7.3
tt1248624,10,519,61.6
tt1248624,9,110,13.1
tt1248624,8,118,14.0
tt1248624,7,37,4.4
tt1248624,6,17,2.0
tt1248624,5,6,0.7
tt1248624,4,2,0.2
tt1248624,3,0,0.0
tt1248624,2,1,0.1
tt1248624,1,32,3.8
tt1248625,10,465,63.5
tt1248625,9,77,10.5
tt1248625,8,106,14.5
tt1248625,7,43,5.9
tt1248625,6,14,1.9
tt1248625,5,11,1.5
tt1248625,4,2,0.3
tt1248625,3,0,0.0
tt1248625,2,2,0.3
tt1248625,1,12,1.6
tt1248626,10,208,33.7
tt1248626,9,206,33.4
tt1248626,8,102,16.5
tt1248626,7,41,6.6
tt1248626,6,28,4.5
tt1248626,5,8,1.3
tt1248626,4,3,0.5
tt1248626,3,1,0.2
tt1248626,2,3,0.5
tt1248626,1,17,2.8
tt1248627,10,185,34.0
tt1248627,9,165,30.3
tt1248627,8,105,19.3
tt1248627,7,58,10.7
tt1248627,6,13,2.4
tt1248627,5,8,1.5
tt1248627,4,1,0.2
tt1248627,3,0,0.0
tt1248627,2,1,0.2
tt1248627,1,8,1.5
tt1248628,10,560,63.2
tt1248628,9,140,15.8
tt1248628,8,99,11.2
tt1248628,7,39,4.4
tt1248628,6,15,1.7
tt1248628,5,7,0.8
tt1248628,4,5,0.6
tt1248628,3,2,0.2
tt1248628,2,1,0.1
tt1248628,1,18,2.0
tt1248629,10,180,34.7
tt1248629,9,161,31.0
tt1248629,8,99,19.1
tt1248629,7,39,7.5
tt1248629,6,15,2.9
tt1248629,5,7,1.3
tt1248629,4,2,0.4
tt1248629,3,2,0.4
tt1248629,2,2,0.4
tt1248629,1,12,2.3
tt1248630,10,518,66.7
tt1248630,9,105,13.5
tt1248630,8,77,9.9
tt1248630,7,31,4.0
tt1248630,6,12,1.5
tt1248630,5,9,1.2
tt1248630,4,2,0.3
tt1248630,3,0,0.0
tt1248630,2,4,0.5
tt1248630,1,19,2.4
tt1248631,10,227,33.5
tt1248631,9,220,32.4
tt1248631,8,98,14.5
tt1248631,7,58,8.6
tt1248631,6,26,3.8
tt1248631,5,11,1.6
tt1248631,4,4,0.6
tt1248631,3,5,0.7
tt1248631,2,6,0.9
tt1248631,1,23,3.4
tt1248633,10,195,34.3
tt1248633,9,168,29.6
tt1248633,8,106,18.7
tt1248633,7,49,8.6
tt1248633,6,18,3.2
tt1248633,5,9,1.6
tt1248633,4,4,0.7
tt1248633,3,2,0.4
tt1248633,2,2,0.4
tt1248633,1,15,2.6
tt1248634,10,469,59.6
tt1248634,9,150,19.1
tt1248634,8,83,10.5
tt1248634,7,26,3.3
tt1248634,6,8,1.0
tt1248634,5,7,0.9
tt1248634,4,1,0.1
tt1248634,3,0,0.0
tt1248634,2,2,0.3
tt1248634,1,41,5.2
tt1248635,10,680,65.1
tt1248635,9,171,16.4
tt1248635,8,82,7.8
tt1248635,7,36,3.4
tt1248635,6,9,0.9
tt1248635,5,13,1.2
tt1248635,4,2,0.2
tt1248635,3,8,0.8
tt1248635,2,8,0.8
tt1248635,1,36,3.4
tt1475914,10,542,63.3
tt1475914,9,110,12.9
tt1475914,8,75,8.8
tt1475914,7,57,6.7
tt1475914,6,20,2.3
tt1475914,5,8,0.9
tt1475914,4,7,0.8
tt1475914,3,2,0.2
tt1475914,2,4,0.5
tt1475914,1,31,3.6
tt1480092,10,499,65.1
tt1480092,9,74,9.7
tt1480092,8,90,11.7
tt1480092,7,64,8.4
tt1480092,6,11,1.4
tt1480092,5,12,1.6
tt1480092,4,4,0.5
tt1480092,3,1,0.1
tt1480092,2,3,0.4
tt1480092,1,8,1.0
tt1507723,10,172,26.5
tt1507723,9,282,43.5
tt1507723,8,100,15.4
tt1507723,7,40,6.2
tt1507723,6,12,1.8
tt1507723,5,14,2.2
tt1507723,4,6,0.9
tt1507723,3,1,0.2
tt1507723,2,4,0.6
tt1507723,1,18,2.8
tt1508810,10,513,65.9
tt1508810,9,68,8.7
tt1508810,8,104,13.4
tt1508810,7,54,6.9
tt1508810,6,14,1.8
tt1508810,5,9,1.2
tt1508810,4,3,0.4
tt1508810,3,2,0.3
tt1508810,2,3,0.4
tt1508810,1,9,1.2
tt1497968,10,549,66.5
tt1497968,9,119,14.4
tt1497968,8,84,10.2
tt1497968,7,30,3.6
tt1497968,6,8,1.0
tt1497968,5,4,0.5
tt1497968,4,3,0.4
tt1497968,3,2,0.2
tt1497968,2,3,0.4
tt1497968,1,24,2.9
tt1513455,10,210,39.3
tt1513455,9,125,23.4
tt1513455,8,91,17.0
tt1513455,7,57,10.7
tt1513455,6,19,3.6
tt1513455,5,15,2.8
tt1513455,4,2,0.4
tt1513455,3,2,0.4
tt1513455,2,3,0.6
tt1513455,1,10,1.9
tt1536228,10,182,34.5
tt1536228,9,153,29.0
tt1536228,8,108,20.5
tt1536228,7,53,10.0
tt1536228,6,12,2.3
tt1536228,5,11,2.1
tt1536228,4,1,0.2
tt1536228,3,0,0.0
tt1536228,2,2,0.4
tt1536228,1,6,1.1
tt1536227,10,185,34.5
tt1536227,9,177,33.0
tt1536227,8,87,16.2
tt1536227,7,43,8.0
tt1536227,6,18,3.4
tt1536227,5,12,2.2
tt1536227,4,4,0.7
tt1536227,3,0,0.0
tt1536227,2,2,0.4
tt1536227,1,9,1.7
tt1541330,10,536,67.1
tt1541330,9,123,15.4
tt1541330,8,78,9.8
tt1541330,7,31,3.9
tt1541330,6,9,1.1
tt1541330,5,7,0.9
tt1541330,4,3,0.4
tt1541330,3,0,0.0
tt1541330,2,3,0.4
tt1541330,1,9,1.1
tt1532110,10,522,65.0
tt1532110,9,65,8.1
tt1532110,8,89,11.1
tt1532110,7,53,6.6
tt1532110,6,14,1.7
tt1532110,5,13,1.6
tt1532110,4,3,0.4
tt1532110,3,2,0.2
tt1532110,2,10,1.2
tt1532110,1,32,4.0
tt1569094,10,499,65.7
tt1569094,9,94,12.4
tt1569094,8,77,10.1
tt1569094,7,41,5.4
tt1569094,6,15,2.0
tt1569094,5,12,1.6
tt1569094,4,2,0.3
tt1569094,3,2,0.3
tt1569094,2,3,0.4
tt1569094,1,14,1.8
tt1569095,10,620,65.7
tt1569095,9,148,15.7
tt1569095,8,71,7.5
tt1569095,7,27,2.9
tt1569095,6,13,1.4
tt1569095,5,4,0.4
tt1569095,4,0,0.0
tt1569095,3,3,0.3
tt1569095,2,2,0.2
tt1569095,1,55,5.8
tt1568497,10,234,37.8
tt1568497,9,142,22.9
tt1568497,8,112,18.1
tt1568497,7,51,8.2
tt1568497,6,22,3.6
tt1568497,5,8,1.3
tt1568497,4,9,1.5
tt1568497,3,5,0.8
tt1568497,2,6,1.0
tt1568497,1,30,4.8
tt1569097,10,191,34.6
tt1569097,9,150,27.2
tt1569097,8,109,19.7
tt1569097,7,60,10.9
tt1569097,6,15,2.7
tt1569097,5,9,1.6
tt1569097,4,2,0.4
tt1569097,3,4,0.7
tt1569097,2,3,0.5
tt1569097,1,9,1.6
tt1569096,10,494,67.8
tt1569096,9,56,7.7
tt1569096,8,95,13.0
tt1569096,7,47,6.4
tt1569096,6,19,2.6
tt1569096,5,6,0.8
tt1569096,4,3,0.4
tt1569096,3,0,0.0
tt1569096,2,2,0.3
tt1569096,1,7,1.0
tt1589590,10,401,57.0
tt1589590,9,117,16.6
tt1589590,8,89,12.6
tt1589590,7,29,4.1
tt1589590,6,10,1.4
tt1589590,5,6,0.9
tt1589590,4,1,0.1
tt1589590,3,3,0.4
tt1589590,2,3,0.4
tt1589590,1,45,6.4
tt1598661,10,387,57.2
tt1598661,9,114,16.9
tt1598661,8,88,13.0
tt1598661,7,25,3.7
tt1598661,6,12,1.8
tt1598661,5,5,0.7
tt1598661,4,4,0.6
tt1598661,3,0,0.0
tt1598661,2,3,0.4
tt1598661,1,38,5.6
tt1601371,10,538,65.2
tt1601371,9,65,7.9
tt1601371,8,106,12.8
tt1601371,7,64,7.8
tt1601371,6,23,2.8
tt1601371,5,13,1.6
tt1601371,4,5,0.6
tt1601371,3,4,0.5
tt1601371,2,2,0.2
tt1601371,1,5,0.6
tt1607135,10,210,37.5
tt1607135,9,136,24.3
tt1607135,8,99,17.7
tt1607135,7,65,11.6
tt1607135,6,27,4.8
tt1607135,5,8,1.4
tt1607135,4,2,0.4
tt1607135,3,1,0.2
tt1607135,2,2,0.4
tt1607135,1,10,1.8
tt1632053,10,257,40.1
tt1632053,9,155,24.2
tt1632053,8,83,12.9
tt1632053,7,66,10.3
tt1632053,6,39,6.1
tt1632053,5,24,3.7
tt1632053,4,2,0.3
tt1632053,3,0,0.0
tt1632053,2,3,0.5
tt1632053,1,12,1.9
tt1607136,10,217,36.5
tt1607136,9,164,27.6
tt1607136,8,92,15.5
tt1607136,7,66,11.1
tt1607136,6,29,4.9
tt1607136,5,5,0.8
tt1607136,4,2,0.3
tt1607136,3,4,0.7
tt1607136,2,3,0.5
tt1607136,1,12,2.0
tt1638652,10,507,67.3
tt1638652,9,70,9.3
tt1638652,8,99,13.1
tt1638652,7,43,5.7
tt1638652,6,17,2.3
tt1638652,5,7,0.9
tt1638652,4,1,0.1
tt1638652,3,0,0.0
tt1638652,2,1,0.1
tt1638652,1,8,1.1
tt1644792,10,184,33.8
tt1644792,9,158,29.0
tt1644792,8,113,20.8
tt1644792,7,58,10.7
tt1644792,6,15,2.8
tt1644792,5,5,0.9
tt1644792,4,1,0.2
tt1644792,3,1,0.2
tt1644792,2,1,0.2
tt1644792,1,8,1.5
tt1654294,10,251,38.2
tt1654294,9,161,24.5
tt1654294,8,104,15.8
tt1654294,7,45,6.8
tt1654294,6,18,2.7
tt1654294,5,23,3.5
tt1654294,4,7,1.1
tt1654294,3,10,1.5
tt1654294,2,11,1.7
tt1654294,1,27,4.1
tt1702168,10,546,58.9
tt1702168,9,184,19.8
tt1702168,8,108,11.7
tt1702168,7,39,4.2
tt1702168,6,16,1.7
tt1702168,5,5,0.5
tt1702168,4,2,0.2
tt1702168,3,2,0.2
tt1702168,2,1,0.1
tt1702168,1,24,2.6
tt1697001,10,500,62.3
tt1697001,9,117,14.6
tt1697001,8,93,11.6
tt1697001,7,43,5.4
tt1697001,6,13,1.6
tt1697001,5,6,0.7
tt1697001,4,2,0.2
tt1697001,3,2,0.2
tt1697001,2,3,0.4
tt1697001,1,24,3.0
tt1706883,10,689,63.2
tt1706883,9,212,19.4
tt1706883,8,78,7.1
tt1706883,7,27,2.5
tt1706883,6,10,0.9
tt1706883,5,8,0.7
tt1706883,4,1,0.1
tt1706883,3,2,0.2
tt1706883,2,3,0.3
tt1706883,1,61,5.6
tt1717349,10,499,61.9
tt1717349,9,113,14.0
tt1717349,8,89,11.0
tt1717349,7,32,4.0
tt1717349,6,17,2.1
tt1717349,5,8,1.0
tt1717349,4,1,0.1
tt1717349,3,0,0.0
tt1717349,2,1,0.1
tt1717349,1,46,5.7
tt1727032,10,497,62.3
tt1727032,9,40,5.0
tt1727032,8,105,13.2
tt1727032,7,80,10.0
tt1727032,6,32,4.0
tt1727032,5,15,1.9
tt1727032,4,9,1.1
tt1727032,3,3,0.4
tt1727032,2,5,0.6
tt1727032,1,12,1.5
tt1739581,10,556,63.2
tt1739581,9,132,15.0
tt1739581,8,102,11.6
tt1739581,7,44,5.0
tt1739581,6,14,1.6
tt1739581,5,8,0.9
tt1739581,4,2,0.2
tt1739581,3,0,0.0
tt1739581,2,1,0.1
tt1739581,1,21,2.4
tt1750610,10,481,64.8
tt1750610,9,78,10.5
tt1750610,8,108,14.6
tt1750610,7,38,5.1
tt1750610,6,13,1.8
tt1750610,5,6,0.8
tt1750610,4,5,0.7
tt1750610,3,3,0.4
tt1750610,2,2,0.3
tt1750610,1,8,1.1
tt1750609,10,216,36.3
tt1750609,9,152,25.5
tt1750609,8,117,19.7
tt1750609,7,59,9.9
tt1750609,6,23,3.9
tt1750609,5,7,1.2
tt1750609,4,2,0.3
tt1750609,3,4,0.7
tt1750609,2,1,0.2
tt1750609,1,14,2.4
tt1750608,10,214,37.2
tt1750608,9,144,25.0
tt1750608,8,109,18.9
tt1750608,7,51,8.9
tt1750608,6,26,4.5
tt1750608,5,8,1.4
tt1750608,4,2,0.3
tt1750608,3,1,0.2
tt1750608,2,1,0.2
tt1750608,1,20,3.5
tt1778597,10,500,66.3
tt1778597,9,57,7.6
tt1778597,8,92,12.2
tt1778597,7,46,6.1
tt1778597,6,22,2.9
tt1778597,5,13,1.7
tt1778597,4,6,0.8
tt1778597,3,6,0.8
tt1778597,2,1,0.1
tt1778597,1,11,1.5
tt1803432,10,189,33.0
tt1803432,9,173,30.2
tt1803432,8,120,21.0
tt1803432,7,42,7.3
tt1803432,6,23,4.0
tt1803432,5,4,0.7
tt1803432,4,3,0.5
tt1803432,3,0,0.0
tt1803432,2,1,0.2
tt1803432,1,17,3.0
tt1803430,10,525,63.9
tt1803430,9,113,13.7
tt1803430,8,101,12.3
tt1803430,7,35,4.3
tt1803430,6,16,1.9
tt1803430,5,5,0.6
tt1803430,4,2,0.2
tt1803430,3,0,0.0
tt1803430,2,2,0.2
tt1803430,1,23,2.8
tt1803431,10,515,61.7
tt1803431,9,145,17.4
tt1803431,8,87,10.4
tt1803431,7,41,4.9
tt1803431,6,16,1.9
tt1803431,5,6,0.7
tt1803431,4,0,0.0
tt0629707,1,13,1.7
tt0629636,10,171,28.6
tt0629636,9,207,34.6
tt0629636,8,124,20.7
tt0629636,7,60,10.0
tt0629636,6,11,1.8
tt0629636,5,10,1.7
tt0629636,4,0,0.0
tt0629636,3,0,0.0
tt0629636,2,1,0.2
tt0629636,1,14,2.3
tt0629652,10,194,37.3
tt0629652,9,137,26.3
tt0629652,8,107,20.6
tt0629652,7,43,8.3
tt0629652,6,12,2.3
tt0629652,5,13,2.5
tt0629652,4,2,0.4
tt0629652,3,1,0.2
tt0629652,2,1,0.2
tt0629652,1,10,1.9
tt0629705,10,454,60.2
tt0629705,9,101,13.4
tt0629705,8,101,13.4
tt0629705,7,63,8.4
tt0629705,6,14,1.9
tt0629705,5,9,1.2
tt0629705,4,2,0.3
tt0629705,3,1,0.1
tt0629705,2,1,0.1
tt0629705,1,8,1.1
tt0629743,10,530,66.2
tt0629743,9,80,10.0
tt0629743,8,111,13.9
tt0629743,7,50,6.2
tt0629743,6,10,1.2
tt0629743,5,9,1.1
tt0629743,4,1,0.1
tt0629743,3,0,0.0
tt0629743,2,1,0.1
tt0629743,1,8,1.0
tt0629662,10,221,39.8
tt0629662,9,133,24.0
tt0629662,8,119,21.4
tt0629662,7,39,7.0
tt0629662,6,11,2.0
tt0629662,5,16,2.9
tt0629662,4,2,0.4
tt0629662,3,0,0.0
tt0629662,2,1,0.2
tt0629662,1,13,2.3
tt0629674,10,204,37.9
tt0629674,9,120,22.3
tt0629674,8,108,20.1
tt0629674,7,66,12.3
tt0629674,6,16,3.0
tt0629674,5,13,2.4
tt0629674,4,1,0.2
tt0629674,3,1,0.2
tt0629674,2,1,0.2
tt0629674,1,8,1.5
tt0629660,10,523,67.9
tt0629660,9,81,10.5
tt0629660,8,92,11.9
tt0629660,7,38,4.9
tt0629660,6,12,1.6
tt0629660,5,8,1.0
tt0629660,4,2,0.3
tt0629660,3,0,0.0
tt0629660,2,1,0.1
tt0629660,1,13,1.7
tt0629642,10,560,67.6
tt0629642,9,98,11.8
tt0629642,8,89,10.7
tt0629642,7,38,4.6
tt0629642,6,11,1.3
tt0629642,5,7,0.8
tt0629642,4,2,0.2
tt0629642,3,0,0.0
tt0629642,2,1,0.1
tt0629642,1,22,2.7
tt0629629,10,521,62.7
tt0629629,9,110,13.2
tt0629629,8,90,10.8
tt0629629,7,34,4.1
tt0629629,6,16,1.9
tt0629629,5,7,0.8
tt0629629,4,1,0.1
tt0629629,3,1,0.1
tt0629629,2,1,0.1
tt0629629,1,50,6.0
tt0629733,10,511,68.0
tt0629733,9,64,8.5
tt0629733,8,79,10.5
tt0629733,7,46,6.1
tt0629733,6,24,3.2
tt0629733,5,10,1.3
tt0629733,4,6,0.8
tt0629733,3,2,0.3
tt0629733,2,1,0.1
tt0629733,1,8,1.1
tt0629622,10,551,66.5
tt0629622,9,114,13.8
tt0629622,8,81,9.8
tt0629622,7,45,5.4
tt0629622,6,17,2.1
tt0629622,5,5,0.6
tt0629622,4,0,0.0
tt0629622,3,3,0.4
tt0629622,2,1,0.1
tt0629622,1,12,1.4
tt0629640,10,214,35.3
tt0629640,9,185,30.5
tt0629640,8,112,18.5
tt0629640,7,57,9.4
tt0629640,6,16,2.6
tt0629640,5,8,1.3
tt0629640,4,4,0.7
tt0629640,3,1,0.2
tt0629640,2,2,0.3
tt0629640,1,8,1.3
tt0629752,10,177,33.7
tt0629752,9,146,27.8
tt0629752,8,106,20.2
tt0629752,7,57,10.9
tt0629752,6,17,3.2
tt0629752,5,7,1.3
tt0629752,4,2,0.4
tt0629752,3,1,0.2
tt0629752,2,1,0.2
tt0629752,1,11,2.1
tt0629680,10,206,37.6
tt0629680,9,126,23.0
tt0629680,8,113,20.6
tt0629680,7,69,12.6
tt0629680,6,13,2.4
tt0629680,5,9,1.6
tt0629680,4,1,0.2
tt0629680,3,1,0.2
tt0629680,2,1,0.2
tt0629680,1,9,1.6
tt0629645,10,182,34.4
tt0629645,9,140,26.5
tt0629645,8,103,19.5
tt0629645,7,57,10.8
tt0629645,6,13,2.5
tt0629645,5,9,1.7
tt0629645,4,1,0.2
tt0629645,3,1,0.2
tt0629645,2,5,0.9
tt0629645,1,18,3.4
tt0629610,10,439,59.2
tt0629610,9,113,15.2
tt0629610,8,92,12.4
tt0629610,7,35,4.7
tt0629610,6,12,1.6
tt0629610,5,6,0.8
tt0629610,4,1,0.1
tt0629610,3,0,0.0
tt0629610,2,2,0.3
tt0629610,1,42,5.7
tt0629647,10,173,31.3
tt0629647,9,201,36.3
tt0629647,8,89,16.1
tt0629647,7,55,9.9
tt0629647,6,12,2.2
tt0629647,5,7,1.3
tt0629647,4,1,0.2
tt0629647,3,1,0.2
tt0629647,2,1,0.2
tt0629647,1,13,2.4
tt0629754,10,479,64.6
tt0629754,9,78,10.5
tt0629754,8,90,12.1
tt0629754,7,63,8.5
tt0629754,6,15,2.0
tt0629754,5,8,1.1
tt0629754,4,2,0.3
tt0629754,3,0,0.0
tt0629754,2,1,0.1
tt0629754,1,5,0.7
tt0629675,10,159,27.4
tt0629675,9,248,42.8
tt0629675,8,95,16.4
tt0629675,7,40,6.9
tt0629675,6,11,1.9
tt0629675,5,7,1.2
tt0629675,4,3,0.5
tt0629675,3,0,0.0
tt0629675,2,2,0.3
tt0629675,1,15,2.6
tt0629716,10,475,64.5
tt0629716,9,90,12.2
tt0629716,8,91,12.4
tt0629716,7,47,6.4
tt0629716,6,12,1.6
tt0629716,5,7,1.0
tt0629716,4,1,0.1
tt0629716,3,0,0.0
tt0629716,2,1,0.1
tt0629716,1,12,1.6
tt0629638,10,507,64.8
tt0629638,9,119,15.2
tt0629638,8,84,10.7
tt0629638,7,32,4.1
tt0629638,6,9,1.2
tt0629638,5,7,0.9
tt0629638,4,0,0.0
tt0629638,3,1,0.1
tt0629638,2,1,0.1
tt0629638,1,22,2.8
tt0629719,10,168,34.6
tt0629719,9,147,30.3
tt0629719,8,94,19.4
tt0629719,7,42,8.7
tt0629719,6,13,2.7
tt0629719,5,7,1.4
tt0629719,4,0,0.0
tt0629719,3,2,0.4
tt0629719,2,1,0.2
tt0629719,1,11,2.3
tt0629723,10,72,17.1
tt0629723,9,36,8.6
tt0629723,8,88,21.0
tt0629723,7,86,20.5
tt0629723,6,18,4.3
tt0629723,5,9,2.1
tt0629723,4,3,0.7
tt0629723,3,2,0.5
tt0629723,2,1,0.2
tt0629723,1,105,25.0
tt0629684,10,473,62.6
tt0629684,9,90,11.9
tt0629684,8,92,12.2
tt0629684,7,55,7.3
tt0629684,6,7,0.9
tt0629684,5,7,0.9
tt0629684,4,1,0.1
tt0629684,3,2,0.3
tt0629684,2,1,0.1
tt0629684,1,28,3.7
tt0629696,10,388,58.5
tt0629696,9,90,13.6
tt0629696,8,91,13.7
tt0629696,7,47,7.1
tt0629696,6,14,2.1
tt0629696,5,14,2.1
tt0629696,4,7,1.1
tt0629696,3,1,0.2
tt0629696,2,4,0.6
tt0629696,1,7,1.1
tt0629748,10,191,36.9
tt0629748,9,126,24.3
tt0629748,8,109,21.0
tt0629748,7,53,10.2
tt0629748,6,17,3.3
tt0629748,5,7,1.4
tt0629748,4,1,0.2
tt0629748,3,2,0.4
tt0629748,2,1,0.2
tt0629748,1,11,2.1
tt0629706,10,412,61.0
tt0629706,9,87,12.9
tt0629706,8,94,13.9
tt0629706,7,54,8.0
tt0629706,6,13,1.9
tt0629706,5,5,0.7
tt0629706,4,0,0.0
tt0629706,3,1,0.1
tt0629706,2,1,0.1
tt0629706,1,8,1.2
tt0629644,10,407,57.9
tt0629644,9,114,16.2
tt0629644,8,71,10.1
tt0629644,7,41,5.8
tt0629644,6,10,1.4
tt0629644,5,9,1.3
tt0629644,4,1,0.1
tt0629644,3,0,0.0
tt0629644,2,2,0.3
tt0629644,1,48,6.8
tt0629611,10,388,63.0
tt0629611,9,66,10.7
tt0629611,8,80,13.0
tt0629611,7,57,9.3
tt0629611,6,11,1.8
tt0629611,5,5,0.8
tt0629611,4,0,0.0
tt0629611,3,1,0.2
tt0629611,2,1,0.2
tt0629611,1,7,1.1
tt0629648,10,638,67.7
tt0629648,9,136,14.4
tt0629648,8,85,9.0
tt0629648,7,39,4.1
tt0629648,6,6,0.6
tt0629648,5,10,1.1
tt0629648,4,1,0.1
tt0629648,3,1,0.1
tt0629648,2,1,0.1
tt0629648,1,26,2.8
tt0629653,10,566,61.8
tt0629653,9,133,14.5
tt0629653,8,83,9.1
tt0629653,7,32,3.5
tt0629653,6,11,1.2
tt0629653,5,9,1.0
tt0629653,4,2,0.2
tt0629653,3,2,0.2
tt0629653,2,2,0.2
tt0629653,1,76,8.3
tt0629656,10,505,65.9
tt0629656,9,87,11.4
tt0629656,8,87,11.4
tt0629656,7,39,5.1
tt0629656,6,9,1.2
tt0629656,5,7,0.9
tt0629656,4,1,0.1
tt0629656,3,2,0.3
tt0629656,2,1,0.1
tt0629656,1,28,3.7
tt0629661,10,503,68.5
tt0629661,9,62,8.4
tt0629661,8,93,12.7
tt0629661,7,44,6.0
tt0629661,6,13,1.8
tt0629661,5,9,1.2
tt0629661,4,0,0.0
tt0629661,3,0,0.0
tt0629661,2,2,0.3
tt0629661,1,8,1.1
tt0629701,10,503,66.7
tt0629701,9,79,10.5
tt0629701,8,93,12.3
tt0629701,7,43,5.7
tt0629701,6,14,1.9
tt0629701,5,9,1.2
tt0629701,4,0,0.0
tt0629701,3,1,0.1
tt0629701,2,3,0.4
tt0629701,1,9,1.2
tt0629736,10,401,58.9
tt0629736,9,105,15.4
tt0629736,8,85,12.5
tt0629736,7,42,6.2
tt0629736,6,6,0.9
tt0629736,5,3,0.4
tt0629736,4,0,0.0
tt0629736,3,1,0.1
tt0629736,2,2,0.3
tt0629736,1,36,5.3
tt0629749,10,190,35.4
tt0629749,9,154,28.7
tt0629749,8,102,19.0
tt0629749,7,44,8.2
tt0629749,6,24,4.5
tt0629749,5,10,1.9
tt0629749,4,2,0.4
tt0629749,3,1,0.2
tt0629749,2,2,0.4
tt0629749,1,8,1.5
tt0629682,10,500,64.7
tt0629682,9,69,8.9
tt0629682,8,96,12.4
tt0629682,7,59,7.6
tt0629682,6,28,3.6
tt0629682,5,10,1.3
tt0629682,4,1,0.1
tt0629682,3,2,0.3
tt0629682,2,3,0.4
tt0629682,1,5,0.6
tt0629687,10,489,64.3
tt0629687,9,86,11.3
tt0629687,8,100,13.1
tt0629687,7,47,6.2
tt0629687,6,20,2.6
tt0629687,5,5,0.7
tt0629687,4,1,0.1
tt0629687,3,0,0.0
tt0629687,2,1,0.1
tt0629687,1,12,1.6
tt0629678,10,660,68.0
tt0629678,9,134,13.8
tt0629678,8,66,6.8
tt0629678,7,22,2.3
tt0629678,6,10,1.0
tt0629678,5,6,0.6
tt0629678,4,1,0.1
tt0629678,3,0,0.0
tt0629678,2,3,0.3
tt0629678,1,68,7.0
tt0629730,10,198,37.4
tt0629730,9,145,27.4
tt0629730,8,103,19.4
tt0629730,7,43,8.1
tt0629730,6,18,3.4
tt0629730,5,8,1.5
tt0629730,4,3,0.6
tt0629730,3,1,0.2
tt0629730,2,1,0.2
tt0629730,1,10,1.9
tt0629628,10,425,59.9
tt0629628,9,115,16.2
tt0629628,8,83,11.7
tt0629628,7,40,5.6
tt0629628,6,7,1.0
tt0629628,5,6,0.8
tt0629628,4,0,0.0
tt0629628,3,1,0.1
tt0629628,2,2,0.3
tt0629628,1,31,4.4
tt0629625,10,474,59.1
tt0629625,9,58,7.2
tt0629625,8,72,9.0
tt0629625,7,71,8.9
tt0629625,6,63,7.9
tt0629625,5,38,4.7
tt0629625,4,3,0.4
tt0629625,3,3,0.4
tt0629625,2,8,1.0
tt0629625,1,12,1.5
tt0629607,10,208,36.6
tt0629607,9,143,25.1
tt0629607,8,118,20.7
tt0629607,7,52,9.1
tt0629607,6,18,3.2
tt0629607,5,9,1.6
tt0629607,4,4,0.7
tt0629607,3,2,0.4
tt0629607,2,2,0.4
tt0629607,1,13,2.3
tt0629634,10,548,65.9
tt0629634,9,98,11.8
tt0629634,8,95,11.4
tt0629634,7,52,6.3
tt0629634,6,15,1.8
tt0629634,5,9,1.1
tt0629634,4,1,0.1
tt0629634,3,2,0.2
tt0629634,2,3,0.4
tt0629634,1,8,1.0
tt0629731,10,249,42.3
tt0629731,9,153,26.0
tt0629731,8,98,16.7
tt0629731,7,50,8.5
tt0629731,6,18,3.1
tt0629731,5,8,1.4
tt0629731,4,1,0.2
tt0629731,3,1,0.2
tt0629731,2,2,0.3
tt0629731,1,8,1.4
tt0629651,10,497,64.2
tt0629651,9,107,13.8
tt0629651,8,93,12.0
tt0629651,7,35,4.5
tt0629651,6,10,1.3
tt0629651,5,8,1.0
tt0629651,4,1,0.1
tt0629651,3,2,0.3
tt0629651,2,3,0.4
tt0629651,1,18,2.3
tt0629619,10,189,35.7
tt0629619,9,161,30.4
tt0629619,8,95,17.9
tt0629619,7,44,8.3
tt0629619,6,16,3.0
tt0629619,5,11,2.1
tt0629619,4,1,0.2
tt0629619,3,0,0.0
tt0629619,2,2,0.4
tt0629619,1,11,2.1
tt0629663,10,176,36.9
tt0629663,9,125,26.2
tt0629663,8,93,19.5
tt0629663,7,45,9.4
tt0629663,6,13,2.7
tt0629663,5,8,1.7
tt0629663,4,2,0.4
tt0629663,3,1,0.2
tt0629663,2,3,0.6
tt0629663,1,11,2.3
tt0629720,10,495,64.6
tt0629720,9,92,12.0
tt0629720,8,84,11.0
tt0629720,7,38,5.0
tt0629720,6,15,2.0
tt0629720,5,8,1.0
tt0629720,4,1,0.1
tt0629720,3,1,0.1
tt0629720,2,1,0.1
tt0629720,1,31,4.0
tt0629654,10,520,60.3
tt0629654,9,128,14.8
tt0629654,8,95,11.0
tt0629654,7,38,4.4
tt0629654,6,19,2.2
tt0629654,5,7,0.8
tt0629654,4,1,0.1
tt0629654,3,0,0.0
tt0629654,2,1,0.1
tt0629654,1,53,6.1
tt0629666,10,194,35.1
tt0629666,9,174,31.5
tt0629666,8,100,18.1
tt0629666,7,42,7.6
tt0629666,6,11,2.0
tt0629666,5,8,1.4
tt0629666,4,2,0.4
tt0629666,3,0,0.0
tt0629666,2,3,0.5
tt0629666,1,18,3.3
tt0629683,10,402,54.5
tt0629683,9,131,17.8
tt0629683,8,93,12.6
tt0629683,7,34,4.6
tt0629683,6,7,0.9
tt0629683,5,8,1.1
tt0629683,4,3,0.4
tt0629683,3,2,0.3
tt0629683,2,2,0.3
tt0629683,1,56,7.6
tt0629621,10,178,36.8
tt0629621,9,120,24.8
tt0629621,8,103,21.3
tt0629621,7,39,8.1
tt0629621,6,18,3.7
tt0629621,5,8,1.7
tt0629621,4,2,0.4
tt0629621,3,1,0.2
tt0629621,2,1,0.2
tt0629621,1,14,2.9
tt0629732,10,459,59.5
tt0629732,9,112,14.5
tt0629732,8,99,12.8
tt0629732,7,59,7.7
tt0629732,6,18,2.3
tt0629732,5,11,1.4
tt0629732,4,1,0.1
tt0629732,3,1,0.1
tt0629732,2,2,0.3
tt0629732,1,9,1.2
tt0629679,10,175,37.1
tt0629679,9,135,28.6
tt0629679,8,92,19.5
tt0629679,7,41,8.7
tt0629679,6,15,3.2
tt0629679,5,5,1.1
tt0629679,4,1,0.2
tt0629679,3,0,0.0
tt0629679,2,1,0.2
tt0629679,1,7,1.5
tt0629637,10,176,37.1
tt0629637,9,118,24.9
tt0629637,8,98,20.7
tt0629637,7,46,9.7
tt0629637,6,15,3.2
tt0629637,5,7,1.5
tt0629637,4,0,0.0
tt0629637,3,2,0.4
tt0629637,2,1,0.2
tt0629637,1,11,2.3
tt0629695,10,505,67.2
tt0629695,9,78,10.4
tt0629695,8,79,10.5
tt0629695,7,48,6.4
tt0629695,6,20,2.7
tt0629695,5,9,1.2
tt0629695,4,1,0.1
tt0629695,3,1,0.1
tt0629695,2,2,0.3
tt0629695,1,8,1.1
tt0629618,10,462,65.3
tt0629618,9,76,10.7
tt0629618,8,83,11.7
tt0629618,7,49,6.9
tt0629618,6,19,2.7
tt0629618,5,8,1.1
tt0629618,4,1,0.1
tt0629618,3,0,0.0
tt0629618,2,1,0.1
tt0629618,1,8,1.1
tt0629704,10,313,50.5
tt0629704,9,160,25.8
tt0629704,8,63,10.2
tt0629704,7,34,5.5
tt0629704,6,8,1.3
tt0629704,5,4,0.6
tt0629704,4,5,0.8
tt0629704,3,2,0.3
tt0629704,2,2,0.3
tt0629704,1,29,4.7
tt0629665,10,98,15.8
tt0629665,9,71,11.5
tt0629665,8,324,52.3
tt0629665,7,45,7.3
tt0629665,6,20,3.2
tt0629665,5,11,1.8
tt0629665,4,3,0.5
tt0629665,3,0,0.0
tt0629665,2,3,0.5
tt0629665,1,44,7.1
tt0629615,10,521,60.3
tt0629615,9,134,15.5
tt0629615,8,85,9.8
tt0629615,7,40,4.6
tt0629615,6,12,1.4
tt0629615,5,12,1.4
tt0629615,4,1,0.1
tt0629615,3,0,0.0
tt0629615,2,1,0.1
tt0629615,1,58,6.7
tt0629639,10,510,64.0
tt0629639,9,86,10.8
tt0629639,8,104,13.0
tt0629639,7,55,6.9
tt0629639,6,16,2.0
tt0629639,5,12,1.5
tt0629639,4,2,0.3
tt0629639,3,4,0.5
tt0629639,2,2,0.3
tt0629639,1,6,0.8
tt0629692,10,220,34.5
tt0629692,9,178,27.9
tt0629692,8,133,20.8
tt0629692,7,50,7.8
tt0629692,6,22,3.4
tt0629692,5,15,2.4
tt0629692,4,3,0.5
tt0629692,3,2,0.3
tt0629692,2,5,0.8
tt0629692,1,10,1.6
tt0629727,10,647,68.2
tt0629727,9,150,15.8
tt0629727,8,73,7.7
tt0629727,7,27,2.8
tt0629727,6,12,1.3
tt0629727,5,9,0.9
tt0629727,4,1,0.1
tt0629727,3,2,0.2
tt0629727,2,2,0.2
tt0629727,1,25,2.6
tt0629694,10,188,32.3
tt0629694,9,181,31.1
tt0629694,8,117,20.1
tt0629694,7,54,9.3
tt0629694,6,18,3.1
tt0629694,5,9,1.5
tt0629694,4,1,0.2
tt0629694,3,1,0.2
tt0629694,2,2,0.3
tt0629694,1,11,1.9
tt0629630,10,665,64.2
tt0629630,9,182,17.6
tt0629630,8,78,7.5
tt0629630,7,27,2.6
tt0629630,6,12,1.2
tt0629630,5,7,0.7
tt0629630,4,2,0.2
tt0629630,3,0,0.0
tt0629630,2,2,0.2
tt0629630,1,61,5.9
tt0629623,10,648,68.3
tt0629623,9,136,14.3
tt0629623,8,90,9.5
tt0629623,7,35,3.7
tt0629623,6,12,1.3
tt0629623,5,13,1.4
tt0629623,4,1,0.1
tt0629623,3,0,0.0
tt0629623,2,3,0.3
tt0629623,1,11,1.2
tt0629649,10,558,60.2
tt0629649,9,127,13.7
tt0629649,8,108,11.7
tt0629649,7,52,5.6
tt0629649,6,28,3.0
tt0629649,5,16,1.7
tt0629649,4,9,1.0
tt0629649,3,5,0.5
tt0629649,2,3,0.3
tt0629649,1,21,2.3
tt0629755,10,207,35.0
tt0629755,9,169,28.6
tt0629755,8,115,19.5
tt0629755,7,48,8.1
tt0629755,6,25,4.2
tt0629755,5,13,2.2
tt0629755,4,1,0.2
tt0629755,3,4,0.7
tt0629755,2,2,0.3
tt0629755,1,7,1.2
tt0629664,10,192,30.5
tt0629664,9,241,38.3
tt0629664,8,101,16.0
tt0629664,7,49,7.8
tt0629664,6,14,2.2
tt0629664,5,13,2.1
tt0629664,4,0,0.0
tt0629664,3,0,0.0
tt0629664,2,3,0.5
tt0629664,1,17,2.7
tt0629633,10,239,35.5
tt0629633,9,200,29.7
tt0629633,8,114,16.9
tt0629633,7,58,8.6
tt0629633,6,22,3.3
tt0629633,5,24,3.6
tt0629633,4,2,0.3
tt0629633,3,0,0.0
tt0629633,2,5,0.7
tt0629633,1,10,1.5
tt0629670,10,625,61.5
tt0629670,9,195,19.2
tt0629670,8,97,9.5
tt0629670,7,32,3.1
tt0629670,6,19,1.9
tt0629670,5,10,1.0
tt0629670,4,3,0.3
tt0629670,3,2,0.2
tt0629670,2,2,0.2
tt0629670,1,32,3.1
tt0629710,10,490,64.2
tt0629710,9,98,12.8
tt0629710,8,86,11.3
tt0629710,7,51,6.7
tt0629710,6,9,1.2
tt0629710,5,9,1.2
tt0629710,4,2,0.3
tt0629710,3,2,0.3
tt0629710,2,1,0.1
tt0629710,1,15,2.0
tt0629657,10,233,34.4
tt0629657,9,210,31.0
tt0629657,8,102,15.0
tt0629657,7,57,8.4
tt0629657,6,37,5.5
tt0629657,5,15,2.2
tt0629657,4,4,0.6
tt0629657,3,2,0.3
tt0629657,2,3,0.4
tt0629657,1,15,2.2
tt0629668,10,239,37.9
tt0629668,9,167,26.5
tt0629668,8,113,17.9
tt0629668,7,62,9.8
tt0629668,6,25,4.0
tt0629668,5,7,1.1
tt0629668,4,3,0.5
tt0629668,3,0,0.0
tt0629668,2,1,0.2
tt0629668,1,13,2.1
tt0629658,10,514,61.9
tt0629658,9,127,15.3
tt0629658,8,74,8.9
tt0629658,7,34,4.1
tt0629658,6,14,1.7
tt0629658,5,9,1.1
tt0629658,4,1,0.1
tt0629658,3,0,0.0
tt0629658,2,2,0.2
tt0629658,1,55,6.6
tt0629711,10,549,64.7
tt0629711,9,101,11.9
tt0629711,8,85,10.0
tt0629711,7,47,5.5
tt0629711,6,18,2.1
tt0629711,5,13,1.5
tt0629711,4,4,0.5
tt0629711,3,0,0.0
tt0629711,2,1,0.1
tt0629711,1,31,3.7
tt0629709,10,523,61.7
tt0629709,9,127,15.0
tt0629709,8,89,10.5
tt0629709,7,45,5.3
tt0629709,6,16,1.9
tt0629709,5,9,1.1
tt0629709,4,3,0.4
tt0629709,3,1,0.1
tt0629709,2,1,0.1
tt0629709,1,34,4.0
tt0629673,10,519,63.4
tt0629673,9,99,12.1
tt0629673,8,91,11.1
tt0629673,7,48,5.9
tt0629673,6,18,2.2
tt0629673,5,9,1.1
tt0629673,4,2,0.2
tt0629673,3,0,0.0
tt0629673,2,1,0.1
tt0629673,1,31,3.8
tt0629689,10,553,64.5
tt0629689,9,113,13.2
tt0629689,8,92,10.7
tt0629689,7,42,4.9
tt0629689,6,15,1.7
tt0629689,5,8,0.9
tt0629689,4,1,0.1
tt0629689,3,1,0.1
tt0629689,2,1,0.1
tt0629689,1,32,3.7
tt0629617,10,139,24.2
tt0629617,9,53,9.2
tt0629617,8,265,46.1
tt0629617,7,61,10.6
tt0629617,6,27,4.7
tt0629617,5,12,2.1
tt0629617,4,5,0.9
tt0629617,3,4,0.7
tt0629617,2,2,0.3
tt0629617,1,7,1.2
tt0629699,10,534,67.5
tt0629699,9,78,9.9
tt0629699,8,81,10.2
tt0629699,7,44,5.6
tt0629699,6,19,2.4
tt0629699,5,16,2.0
tt0629699,4,3,0.4
tt0629699,3,1,0.1
tt0629699,2,2,0.3
tt0629699,1,13,1.6
tt0629659,10,209,36.9
tt0629659,9,163,28.7
tt0629659,8,99,17.5
tt0629659,7,45,7.9
tt0629659,6,25,4.4
tt0629659,5,15,2.6
tt0629659,4,2,0.4
tt0629659,3,1,0.2
tt0629659,2,1,0.2
tt0629659,1,7,1.2
tt0629641,10,606,67.6
tt0629641,9,131,14.6
tt0629641,8,82,9.1
tt0629641,7,36,4.0
tt0629641,6,15,1.7
tt0629641,5,10,1.1
tt0629641,4,3,0.3
tt0629641,3,1,0.1
tt0629641,2,3,0.3
tt0629641,1,10,1.1
tt0629643,10,578,63.3
tt0629643,9,153,16.8
tt0629643,8,95,10.4
tt0629643,7,38,4.2
tt0629643,6,16,1.8
tt0629643,5,11,1.2
tt0629643,4,2,0.2
tt0629643,3,0,0.0
tt0629643,2,1,0.1
tt0629643,1,19,2.1
tt0629605,10,1207,74.9
tt0629605,9,213,13.2
tt0629605,8,74,4.6
tt0629605,7,25,1.6
tt0629605,6,12,0.7
tt0629605,5,10,0.6
tt0629605,4,7,0.4
tt0629605,3,8,0.5
tt0629605,2,8,0.5
tt0629605,1,48,3.0
tt0629718,10,534,66.3
tt0629718,9,91,11.3
tt0629718,8,81,10.1
tt0629718,7,54,6.7
tt0629718,6,22,2.7
tt0629718,5,12,1.5
tt0629718,4,2,0.2
tt0629718,3,0,0.0
tt0629718,2,2,0.2
tt0629718,1,7,0.9
tt0629742,10,213,34.7
tt0629742,9,186,30.3
tt0629742,8,114,18.6
tt0629742,7,54,8.8
tt0629742,6,21,3.4
tt0629742,5,10,1.6
tt0629742,4,1,0.2
tt0629742,3,1,0.2
tt0629742,2,1,0.2
tt0629742,1,13,2.1
tt0629712,10,761,67.9
tt0629712,9,167,14.9
tt0629712,8,93,8.3
tt0629712,7,28,2.5
tt0629712,6,10,0.9
tt0629712,5,8,0.7
tt0629712,4,2,0.2
tt0629712,3,2,0.2
tt0629712,2,2,0.2
tt0629712,1,47,4.2
tt0629688,10,221,37.8
tt0629688,9,141,24.1
tt0629688,8,106,18.1
tt0629688,7,62,10.6
tt0629688,6,25,4.3
tt0629688,5,11,1.9
tt0629688,4,1,0.2
tt0629688,3,3,0.5
tt0629688,2,2,0.3
tt0629688,1,13,2.2
tt0629738,10,204,30.9
tt0629738,9,229,34.7
tt0629738,8,113,17.1
tt0629738,7,50,7.6
tt0629738,6,23,3.5
tt0629738,5,16,2.4
tt0629738,4,3,0.5
tt0629738,3,2,0.3
tt0629738,2,4,0.6
tt0629738,1,16,2.4
tt0629721,10,202,38.9
tt0629721,9,123,23.7
tt0629721,8,93,17.9
tt0629721,7,62,11.9
tt0629721,6,17,3.3
tt0629721,5,10,1.9
tt0629721,4,1,0.2
tt0629721,3,0,0.0
tt0629721,2,1,0.2
tt0629721,1,10,1.9
tt0629741,10,195,35.1
tt0629741,9,156,28.1
tt0629741,8,120,21.6
tt0629741,7,44,7.9
tt0629741,6,19,3.4
tt0629741,5,7,1.3
tt0629741,4,4,0.7
tt0629741,3,0,0.0
tt0629741,2,1,0.2
tt0629741,1,9,1.6
tt0629609,10,220,39.6
tt0629609,9,123,22.1
tt0629609,8,94,16.9
tt0629609,7,44,7.9
tt0629609,6,20,3.6
tt0629609,5,17,3.1
tt0629609,4,6,1.1
tt0629609,3,4,0.7
tt0629609,2,9,1.6
tt0629609,1,19,3.4
tt0629671,10,189,37.0
tt0629671,9,149,29.2
tt0629671,8,87,17.0
tt0629671,7,34,6.7
tt0629671,6,24,4.7
tt0629671,5,10,2.0
tt0629671,4,1,0.2
tt0629671,3,2,0.4
tt0629671,2,2,0.4
tt0629671,1,13,2.5
tt0629616,10,506,66.8
tt0629616,9,74,9.8
tt0629616,8,88,11.6
tt0629616,7,50,6.6
tt0629616,6,21,2.8
tt0629616,5,9,1.2
tt0629616,4,1,0.1
tt0629616,3,2,0.3
tt0629616,2,1,0.1
tt0629616,1,5,0.7
tt0629744,10,437,58.0
tt0629744,9,122,16.2
tt0629744,8,103,13.7
tt0629744,7,44,5.8
tt0629744,6,23,3.1
tt0629744,5,9,1.2
tt0629744,4,2,0.3
tt0629744,3,4,0.5
tt0629744,2,1,0.1
tt0629744,1,8,1.1
tt0760911,10,471,64.5
tt0760911,9,98,13.4
tt0760911,8,90,12.3
tt0760911,7,37,5.1
tt0760911,6,15,2.1
tt0760911,5,8,1.1
tt0760911,4,2,0.3
tt0760911,3,0,0.0
tt0760911,2,2,0.3
tt0760911,1,7,1.0
tt0760910,10,458,62.4
tt0760910,9,105,14.3
tt0760910,8,89,12.1
tt0760910,7,41,5.6
tt0760910,6,15,2.0
tt0760910,5,7,1.0
tt0760910,4,1,0.1
tt0760910,3,0,0.0
tt0760910,2,1,0.1
tt0760910,1,17,2.3
tt0756929,10,208,38.9
tt0756929,9,133,24.9
tt0756929,8,90,16.8
tt0756929,7,58,10.8
tt0756929,6,24,4.5
tt0756929,5,9,1.7
tt0756929,4,2,0.4
tt0756929,3,3,0.6
tt0756929,2,1,0.2
tt0756929,1,7,1.3
tt0784441,10,445,65.7
tt0784441,9,87,12.9
tt0784441,8,73,10.8
tt0784441,7,40,5.9
tt0784441,6,7,1.0
tt0784441,5,9,1.3
tt0784441,4,1,0.1
tt0784441,3,1,0.1
tt0784441,2,2,0.3
tt0784441,1,12,1.8
tt0771259,10,618,68.8
tt0771259,9,126,14.0
tt0771259,8,63,7.0
tt0771259,7,33,3.7
tt0771259,6,13,1.4
tt0771259,5,10,1.1
tt0771259,4,1,0.1
tt0771259,3,3,0.3
tt0771259,2,2,0.2
tt0771259,1,29,3.2
tt0771260,10,546,65.4
tt0771260,9,72,8.6
tt0771260,8,98,11.7
tt1803431,3,0,0.0
tt1803431,2,1,0.1
tt1803431,1,24,2.9
tt1809786,10,264,36.3
tt1809786,9,222,30.5
tt1809786,8,86,11.8
tt1809786,7,68,9.3
tt1809786,6,34,4.7
tt1809786,5,17,2.3
tt1809786,4,4,0.5
tt1809786,3,8,1.1
tt1809786,2,3,0.4
tt1809786,1,22,3.0
tt1822632,10,212,38.9
tt1822632,9,115,21.1
tt1822632,8,112,20.6
tt1822632,7,57,10.5
tt1822632,6,22,4.0
tt1822632,5,8,1.5
tt1822632,4,2,0.4
tt1822632,3,2,0.4
tt1822632,2,1,0.2
tt1822632,1,14,2.6
tt1825389,10,392,55.9
tt1825389,9,126,18.0
tt1825389,8,93,13.3
tt1825389,7,46,6.6
tt1825389,6,12,1.7
tt1825389,5,10,1.4
tt1825389,4,6,0.9
tt1825389,3,3,0.4
tt1825389,2,1,0.1
tt1825389,1,12,1.7
tt1833175,10,187,36.8
tt1833175,9,134,26.4
tt1833175,8,103,20.3
tt1833175,7,42,8.3
tt1833175,6,16,3.1
tt1833175,5,9,1.8
tt1833175,4,3,0.6
tt1833175,3,1,0.2
tt1833175,2,2,0.4
tt1833175,1,11,2.2
tt1833174,10,480,65.8
tt1833174,9,76,10.4
tt1833174,8,88,12.1
tt1833174,7,47,6.4
tt1833174,6,13,1.8
tt1833174,5,9,1.2
tt1833174,4,4,0.5
tt1833174,3,1,0.1
tt1833174,2,1,0.1
tt1833174,1,11,1.5
tt1837245,10,247,39.3
tt1837245,9,143,22.7
tt1837245,8,102,16.2
tt1837245,7,68,10.8
tt1837245,6,29,4.6
tt1837245,5,10,1.6
tt1837245,4,6,1.0
tt1837245,3,5,0.8
tt1837245,2,2,0.3
tt1837245,1,17,2.7
tt1865798,10,520,61.2
tt1865798,9,125,14.7
tt1865798,8,88,10.4
tt1865798,7,33,3.9
tt1865798,6,11,1.3
tt1865798,5,6,0.7
tt1865798,4,1,0.1
tt1865798,3,0,0.0
tt1865798,2,3,0.4
tt1865798,1,63,7.4
tt1870087,10,199,37.5
tt1870087,9,151,28.4
tt1870087,8,98,18.5
tt1870087,7,34,6.4
tt1870087,6,22,4.1
tt1870087,5,7,1.3
tt1870087,4,2,0.4
tt1870087,3,1,0.2
tt1870087,2,4,0.8
tt1870087,1,13,2.4
tt1863819,10,238,36.4
tt1863819,9,176,26.9
tt1863819,8,120,18.3
tt1863819,7,53,8.1
tt1863819,6,24,3.7
tt1863819,5,13,2.0
tt1863819,4,5,0.8
tt1863819,3,2,0.3
tt1863819,2,3,0.5
tt1863819,1,20,3.1
tt1875495,10,537,64.1
tt1875495,9,123,14.7
tt1875495,8,109,13.0
tt1875495,7,33,3.9
tt1875495,6,10,1.2
tt1875495,5,7,0.8
tt1875495,4,4,0.5
tt1875495,3,2,0.2
tt1875495,2,2,0.2
tt1875495,1,11,1.3
tt1875496,10,558,65.4
tt1875496,9,117,13.7
tt1875496,8,92,10.8
tt1875496,7,40,4.7
tt1875496,6,11,1.3
tt1875496,5,10,1.2
tt1875496,4,6,0.7
tt1875496,3,2,0.2
tt1875496,2,6,0.7
tt1875496,1,11,1.3
tt1989114,10,273,39.2
tt1989114,9,149,21.4
tt1989114,8,121,17.4
tt1989114,7,86,12.3
tt1989114,6,34,4.9
tt1989114,5,11,1.6
tt1989114,4,2,0.3
tt1989114,3,6,0.9
tt1989114,2,2,0.3
tt1989114,1,13,1.9
tt2016572,10,468,58.1
tt2016572,9,113,14.0
tt2016572,8,135,16.8
tt2016572,7,49,6.1
tt2016572,6,15,1.9
tt2016572,5,9,1.1
tt2016572,4,1,0.1
tt2016572,3,1,0.1
tt2016572,2,1,0.1
tt2016572,1,13,1.6
tt2003617,10,409,55.0
tt2003617,9,88,11.8
tt2003617,8,125,16.8
tt2003617,7,73,9.8
tt2003617,6,17,2.3
tt2003617,5,7,0.9
tt2003617,4,2,0.3
tt2003617,3,4,0.5
tt2003617,2,3,0.4
tt2003617,1,15,2.0
tt2001896,10,422,54.4
tt2001896,9,152,19.6
tt2001896,8,107,13.8
tt2001896,7,48,6.2
tt2001896,6,16,2.1
tt2001896,5,9,1.2
tt2001896,4,3,0.4
tt2001896,3,3,0.4
tt2001896,2,1,0.1
tt2001896,1,15,1.9
tt2058396,10,247,39.5
tt2058396,9,122,19.5
tt2058396,8,94,15.0
tt2058396,7,86,13.8
tt2058396,6,30,4.8
tt2058396,5,20,3.2
tt2058396,4,5,0.8
tt2058396,3,5,0.8
tt2058396,2,2,0.3
tt2058396,1,14,2.2
tt2070250,10,242,36.7
tt2070250,9,157,23.8
tt2070250,8,124,18.8
tt2070250,7,65,9.8
tt2070250,6,28,4.2
tt2070250,5,4,0.6
tt2070250,4,8,1.2
tt2070250,3,4,0.6
tt2070250,2,4,0.6
tt2070250,1,24,3.6
tt2092669,10,412,56.5
tt2092669,9,123,16.9
tt2092669,8,114,15.6
tt2092669,7,37,5.1
tt2092669,6,16,2.2
tt2092669,5,8,1.1
tt2092669,4,2,0.3
tt2092669,3,0,0.0
tt2092669,2,3,0.4
tt2092669,1,14,1.9
tt2100037,10,419,58.0
tt2100037,9,88,12.2
tt2100037,8,121,16.7
tt2100037,7,47,6.5
tt2100037,6,19,2.6
tt2100037,5,9,1.2
tt2100037,4,3,0.4
tt2100037,3,1,0.1
tt2100037,2,2,0.3
tt2100037,1,14,1.9
tt2095306,10,417,56.1
tt2095306,9,119,16.0
tt2095306,8,111,14.9
tt2095306,7,54,7.3
tt2095306,6,20,2.7
tt2095306,5,4,0.5
tt2095306,4,1,0.1
tt2095306,3,1,0.1
tt2095306,2,1,0.1
tt2095306,1,15,2.0
tt2110782,10,506,57.8
tt2110782,9,151,17.2
tt2110782,8,102,11.6
tt2110782,7,48,5.5
tt2110782,6,10,1.1
tt2110782,5,6,0.7
tt2110782,4,4,0.5
tt2110782,3,3,0.3
tt2110782,2,1,0.1
tt2110782,1,45,5.1
tt2135661,10,441,56.9
tt2135661,9,82,10.6
tt2135661,8,144,18.6
tt2135661,7,50,6.5
tt2135661,6,29,3.7
tt2135661,5,8,1.0
tt2135661,4,2,0.3
tt2135661,3,2,0.3
tt2135661,2,1,0.1
tt2135661,1,16,2.1
tt2164129,10,410,56.9
tt2164129,9,128,17.8
tt2164129,8,98,13.6
tt2164129,7,44,6.1
tt2164129,6,12,1.7
tt2164129,5,6,0.8
tt2164129,4,3,0.4
tt2164129,3,1,0.1
tt2164129,2,2,0.3
tt2164129,1,17,2.4
tt2187829,10,413,56.0
tt2187829,9,72,9.8
tt2187829,8,132,17.9
tt2187829,7,58,7.9
tt2187829,6,25,3.4
tt2187829,5,6,0.8
tt2187829,4,3,0.4
tt2187829,3,3,0.4
tt2187829,2,2,0.3
tt2187829,1,23,3.1
tt2201765,10,421,60.1
tt2201765,9,76,10.9
tt2201765,8,109,15.6
tt2201765,7,58,8.3
tt2201765,6,15,2.1
tt2201765,5,7,1.0
tt2201765,4,1,0.1
tt2201765,3,0,0.0
tt2201765,2,1,0.1
tt2201765,1,12,1.7
tt2227847,10,189,39.4
tt2227847,9,104,21.7
tt2227847,8,102,21.2
tt2227847,7,47,9.8
tt2227847,6,15,3.1
tt2227847,5,8,1.7
tt2227847,4,0,0.0
tt2227847,3,0,0.0
tt2227847,2,2,0.4
tt2227847,1,13,2.7
tt2227845,10,176,33.7
tt2227845,9,131,25.1
tt2227845,8,122,23.4
tt2227845,7,52,10.0
tt2227845,6,18,3.4
tt2227845,5,7,1.3
tt2227845,4,1,0.2
tt2227845,3,2,0.4
tt2227845,2,2,0.4
tt2227845,1,11,2.1
tt2256391,10,363,57.1
tt2256391,9,92,14.5
tt2256391,8,96,15.1
tt2256391,7,40,6.3
tt2256391,6,15,2.4
tt2256391,5,7,1.1
tt2256391,4,1,0.2
tt2256391,3,1,0.2
tt2256391,2,3,0.5
tt2256391,1,18,2.8
tt2256389,10,195,31.6
tt2256389,9,176,28.5
tt2256389,8,114,18.4
tt2256389,7,64,10.4
tt2256389,6,23,3.7
tt2256389,5,9,1.5
tt2256389,4,4,0.6
tt2256389,3,5,0.8
tt2256389,2,5,0.8
tt2256389,1,23,3.7
tt2362369,10,207,36.7
tt2362369,9,142,25.2
tt2362369,8,77,13.7
tt2362369,7,65,11.5
tt2362369,6,33,5.9
tt2362369,5,15,2.7
tt2362369,4,5,0.9
tt2362369,3,2,0.4
tt2362369,2,3,0.5
tt2362369,1,15,2.7
tt2354935,10,140,24.6
tt2354935,9,56,9.8
tt2354935,8,250,43.9
tt2354935,7,61,10.7
tt2354935,6,24,4.2
tt2354935,5,10,1.8
tt2354935,4,1,0.2
tt2354935,3,3,0.5
tt2354935,2,5,0.9
tt2354935,1,19,3.3
tt2328103,10,200,35.8
tt2328103,9,133,23.8
tt2328103,8,107,19.1
tt2328103,7,63,11.3
tt2328103,6,23,4.1
tt2328103,5,12,2.1
tt2328103,4,1,0.2
tt2328103,3,3,0.5
tt2328103,2,2,0.4
tt2328103,1,15,2.7
tt2384257,10,182,30.8
tt2384257,9,181,30.7
tt2384257,8,113,19.2
tt2384257,7,51,8.6
tt2384257,6,25,4.2
tt2384257,5,11,1.9
tt2384257,4,5,0.8
tt2384257,3,1,0.2
tt2384257,2,2,0.3
tt2384257,1,19,3.2
tt2387037,10,410,58.0
tt2387037,9,109,15.4
tt2387037,8,87,12.3
tt2387037,7,33,4.7
tt2387037,6,11,1.6
tt2387037,5,4,0.6
tt2387037,4,2,0.3
tt2387037,3,1,0.1
tt2387037,2,4,0.6
tt2387037,1,46,6.5
tt2357100,10,451,55.6
tt2357100,9,151,18.6
tt2357100,8,72,8.9
tt2357100,7,32,3.9
tt2357100,6,16,2.0
tt2357100,5,5,0.6
tt2357100,4,2,0.2
tt2357100,3,0,0.0
tt2357100,2,4,0.5
tt2357100,1,78,9.6
tt2384186,10,412,58.2
tt2384186,9,122,17.2
tt2384186,8,71,10.0
tt2384186,7,33,4.7
tt2384186,6,12,1.7
tt2384186,5,4,0.6
tt2384186,4,1,0.1
tt2384186,3,1,0.1
tt2384186,2,2,0.3
tt2384186,1,50,7.1
tt2401380,10,415,55.6
tt2401380,9,107,14.3
tt2401380,8,116,15.5
tt2401380,7,62,8.3
tt2401380,6,19,2.5
tt2401380,5,8,1.1
tt2401380,4,3,0.4
tt2401380,3,0,0.0
tt2401380,2,1,0.1
tt2401380,1,15,2.0
tt2388722,10,351,53.6
tt2388722,9,86,13.1
tt2388722,8,115,17.6
tt2388722,7,55,8.4
tt2388722,6,23,3.5
tt2388722,5,5,0.8
tt2388722,4,2,0.3
tt2388722,3,1,0.2
tt2388722,2,1,0.2
tt2388722,1,16,2.4
tt2408430,10,202,33.4
tt2408430,9,177,29.3
tt2408430,8,134,22.1
tt2408430,7,48,7.9
tt2408430,6,16,2.6
tt2408430,5,11,1.8
tt2408430,4,1,0.2
tt2408430,3,0,0.0
tt2408430,2,1,0.2
tt2408430,1,15,2.5
tt2452938,10,191,36.2
tt2452938,9,125,23.7
tt2452938,8,112,21.3
tt2452938,7,58,11.0
tt2452938,6,15,2.8
tt2452938,5,7,1.3
tt2452938,4,3,0.6
tt2452938,3,0,0.0
tt2452938,2,3,0.6
tt2452938,1,13,2.5
tt2440978,10,352,53.6
tt2440978,9,65,9.9
tt2440978,8,106,16.1
tt2440978,7,69,10.5
tt2440978,6,32,4.9
tt2440978,5,7,1.1
tt2440978,4,3,0.5
tt2440978,3,1,0.2
tt2440978,2,3,0.5
tt2440978,1,19,2.9
tt2495436,10,352,52.1
tt2495436,9,102,15.1
tt2495436,8,122,18.0
tt2495436,7,53,7.8
tt2495436,6,22,3.3
tt2495436,5,7,1.0
tt2495436,4,1,0.1
tt2495436,3,0,0.0
tt2495436,2,2,0.3
tt2495436,1,15,2.2
tt2501606,10,282,35.2
tt2501606,9,315,39.3
tt2501606,8,71,8.9
tt2501606,7,38,4.7
tt2501606,6,9,1.1
tt2501606,5,10,1.2
tt2501606,4,1,0.1
tt2501606,3,1,0.1
tt2501606,2,2,0.2
tt2501606,1,73,9.1
tt2576028,10,331,55.0
tt2576028,9,82,13.6
tt2576028,8,104,17.3
tt2576028,7,46,7.6
tt2576028,6,9,1.5
tt2576028,5,7,1.2
tt2576028,4,2,0.3
tt2576028,3,1,0.2
tt2576028,2,3,0.5
tt2576028,1,17,2.8
tt2587590,10,350,57.0
tt2587590,9,61,9.9
tt2587590,8,86,14.0
tt2587590,7,60,9.8
tt2587590,6,31,5.0
tt2587590,5,7,1.1
tt2587590,4,1,0.2
tt2587590,3,3,0.5
tt2587590,2,2,0.3
tt2587590,1,13,2.1
tt2628024,10,356,56.2
tt2628024,9,66,10.4
tt2628024,8,109,17.2
tt2628024,7,51,8.0
tt2628024,6,22,3.5
tt2628024,5,8,1.3
tt2628024,4,3,0.5
tt2628024,3,0,0.0
tt2628024,2,2,0.3
tt2628024,1,17,2.7
tt2658680,10,454,61.0
tt2658680,9,113,15.2
tt2658680,8,100,13.4
tt2658680,7,35,4.7
tt2658680,6,14,1.9
tt2658680,5,8,1.1
tt2658680,4,1,0.1
tt2658680,3,0,0.0
tt2658680,2,3,0.4
tt2658680,1,16,2.2
tt2639358,10,361,55.0
tt2639358,9,84,12.8
tt2639358,8,114,17.4
tt2639358,7,38,5.8
tt2639358,6,15,2.3
tt2639358,5,11,1.7
tt2639358,4,8,1.2
tt2639358,3,2,0.3
tt2639358,2,2,0.3
tt2639358,1,21,3.2
tt2672002,10,200,37.0
tt2672002,9,134,24.8
tt2672002,8,114,21.1
tt2672002,7,39,7.2
tt2672002,6,17,3.1
tt2672002,5,10,1.8
tt2672002,4,1,0.2
tt2672002,3,1,0.2
tt2672002,2,2,0.4
tt2672002,1,23,4.3
tt2699330,10,331,49.8
tt2699330,9,60,9.0
tt2699330,8,98,14.8
tt2699330,7,72,10.8
tt2699330,6,31,4.7
tt2699330,5,16,2.4
tt2699330,4,6,0.9
tt2699330,3,5,0.8
tt2699330,2,4,0.6
tt2699330,1,41,6.2
tt2741872,10,193,40.7
tt2741872,9,90,19.0
tt2741872,8,95,20.0
tt2741872,7,54,11.4
tt2741872,6,19,4.0
tt2741872,5,6,1.3
tt2741872,4,2,0.4
tt2741872,3,0,0.0
tt2741872,2,2,0.4
tt2741872,1,13,2.7
tt2739518,10,397,54.2
tt2739518,9,142,19.4
tt2739518,8,96,13.1
tt2739518,7,45,6.1
tt2739518,6,18,2.5
tt2739518,5,9,1.2
tt2739518,4,2,0.3
tt2739518,3,0,0.0
tt2739518,2,3,0.4
tt2739518,1,20,2.7
tt2760466,10,544,60.7
tt2760466,9,176,19.6
tt2760466,8,95,10.6
tt2760466,7,37,4.1
tt2760466,6,17,1.9
tt2760466,5,4,0.4
tt2760466,4,3,0.3
tt2760466,3,0,0.0
tt2760466,2,3,0.3
tt2760466,1,17,1.9
tt2787898,10,384,57.9
tt2787898,9,83,12.5
tt2787898,8,106,16.0
tt2787898,7,46,6.9
tt2787898,6,13,2.0
tt2787898,5,10,1.5
tt2787898,4,2,0.3
tt2787898,3,0,0.0
tt2787898,2,3,0.5
tt2787898,1,16,2.4
tt2835036,10,343,55.6
tt2835036,9,60,9.7
tt2835036,8,95,15.4
tt2835036,7,64,10.4
tt2835036,6,27,4.4
tt2835036,5,6,1.0
tt2835036,4,4,0.6
tt2835036,3,0,0.0
tt2835036,2,4,0.6
tt2835036,1,14,2.3
tt2855090,10,334,54.3
tt2855090,9,56,9.1
tt2855090,8,88,14.3
tt2855090,7,69,11.2
tt2855090,6,24,3.9
tt2855090,5,15,2.4
tt2855090,4,1,0.2
tt2855090,3,7,1.1
tt2855090,2,8,1.3
tt2855090,1,13,2.1
tt2872940,10,321,53.5
tt2872940,9,45,7.5
tt2872940,8,99,16.5
tt2872940,7,75,12.5
tt2872940,6,24,4.0
tt2872940,5,12,2.0
tt2872940,4,3,0.5
tt2872940,3,2,0.3
tt2872940,2,3,0.5
tt2872940,1,16,2.7
tt2894568,10,379,49.9
tt2894568,9,172,22.7
tt2894568,8,69,9.1
tt2894568,7,32,4.2
tt2894568,6,11,1.4
tt2894568,5,6,0.8
tt2894568,4,1,0.1
tt2894568,3,0,0.0
tt2894568,2,3,0.4
tt2894568,1,86,11.3
tt2876044,10,668,61.6
tt2876044,9,169,15.6
tt2876044,8,75,6.9
tt2876044,7,37,3.4
tt2876044,6,16,1.5
tt2876044,5,7,0.6
tt2876044,4,7,0.6
tt2876044,3,4,0.4
tt2876044,2,3,0.3
tt2876044,1,98,9.0
tt3172740,10,354,53.9
tt3172740,9,89,13.5
tt3172740,8,101,15.4
tt3172740,7,62,9.4
tt3172740,6,17,2.6
tt3172740,5,12,1.8
tt3172740,4,0,0.0
tt3172740,3,4,0.6
tt3172740,2,1,0.2
tt3172740,1,17,2.6
tt3186484,10,323,48.4
tt3186484,9,59,8.8
tt3186484,8,119,17.8
tt3186484,7,68,10.2
tt3186484,6,29,4.3
tt3186484,5,12,1.8
tt3186484,4,2,0.3
tt3186484,3,6,0.9
tt3186484,2,7,1.0
tt3186484,1,43,6.4
tt3205454,10,183,37.9
tt3205454,9,121,25.1
tt3205454,8,95,19.7
tt3205454,7,40,8.3
tt3205454,6,15,3.1
tt3205454,5,2,0.4
tt3205454,4,0,0.0
tt3205454,3,1,0.2
tt3205454,2,2,0.4
tt3205454,1,24,5.0
tt3219646,10,286,47.8
tt3219646,9,114,19.1
tt3219646,8,107,17.9
tt3219646,7,42,7.0
tt3219646,6,16,2.7
tt3219646,5,7,1.2
tt3219646,4,2,0.3
tt3219646,3,1,0.2
tt3219646,2,3,0.5
tt3219646,1,20,3.3
tt3250412,10,190,36.2
tt3250412,9,125,23.8
tt3250412,8,102,19.4
tt3250412,7,56,10.7
tt3250412,6,25,4.8
tt3250412,5,5,1.0
tt3250412,4,0,0.0
tt3250412,3,3,0.6
tt3250412,2,2,0.4
tt3250412,1,17,3.2
tt3255192,10,351,52.2
tt3255192,9,127,18.9
tt3255192,8,112,16.7
tt3255192,7,35,5.2
tt3255192,6,10,1.5
tt3255192,5,10,1.5
tt3255192,4,3,0.4
tt3255192,3,4,0.6
tt3255192,2,1,0.1
tt3255192,1,19,2.8
tt3272042,10,382,59.7
tt3272042,9,89,13.9
tt3272042,8,106,16.6
tt3272042,7,32,5.0
tt3272042,6,13,2.0
tt3272042,5,2,0.3
tt3272042,4,2,0.3
tt3272042,3,0,0.0
tt3272042,2,1,0.2
tt3272042,1,13,2.0
tt3305432,10,361,58.1
tt3305432,9,64,10.3
tt3305432,8,94,15.1
tt3305432,7,53,8.5
tt3305432,6,24,3.9
tt3305432,5,8,1.3
tt3305432,4,0,0.0
tt3305432,3,0,0.0
tt3305432,2,2,0.3
tt3305432,1,15,2.4
tt3409876,10,308,49.4
tt3409876,9,147,23.6
tt3409876,8,77,12.4
tt3409876,7,33,5.3
tt3409876,6,14,2.2
tt3409876,5,9,1.4
tt3409876,4,3,0.5
tt3409876,3,2,0.3
tt3409876,2,4,0.6
tt3409876,1,26,4.2
tt3409878,10,175,34.0
tt3409878,9,157,30.5
tt3409878,8,109,21.2
tt3409878,7,31,6.0
tt3409878,6,17,3.3
tt3409878,5,4,0.8
tt3409878,4,3,0.6
tt3409878,3,1,0.2
tt3409878,2,3,0.6
tt3409878,1,15,2.9
tt3409880,10,79,12.5
tt3409880,9,55,8.7
tt3409880,8,103,16.3
tt3409880,7,59,9.3
tt3409880,6,20,3.2
tt3409880,5,5,0.8
tt3409880,4,0,0.0
tt3409880,3,0,0.0
tt3409880,2,4,0.6
tt3409880,1,308,48.7
tt3436110,10,336,54.8
tt3436110,9,57,9.3
tt3436110,8,96,15.7
tt3436110,7,61,10.0
tt3436110,6,22,3.6
tt3436110,5,5,0.8
tt3436110,4,4,0.7
tt3436110,3,2,0.3
tt3436110,2,3,0.5
tt3436110,1,27,4.4
tt3436112,10,342,56.3
tt3436112,9,51,8.4
tt3436112,8,93,15.3
tt3436112,7,62,10.2
tt3436112,6,28,4.6
tt3436112,5,9,1.5
tt3436112,4,2,0.3
tt3436112,3,0,0.0
tt3436112,2,2,0.3
tt3436112,1,18,3.0
tt3494020,10,269,39.4
tt3494020,9,35,5.1
tt3494020,8,109,16.0
tt3494020,7,77,11.3
tt3494020,6,36,5.3
tt3494020,5,14,2.0
tt3494020,4,4,0.6
tt3494020,3,5,0.7
tt3494020,2,4,0.6
tt3494020,1,130,19.0
tt3508744,10,65,9.9
tt3508744,9,51,7.8
tt3508744,8,89,13.6
tt3508744,7,79,12.1
tt3508744,6,33,5.0
tt3508744,5,15,2.3
tt3508744,4,4,0.6
tt3508744,3,1,0.2
tt3508744,2,4,0.6
tt3508744,1,313,47.9
tt3508746,10,370,56.2
tt3508746,9,119,18.1
tt3508746,8,78,11.9
tt3508746,7,20,3.0
tt3508746,6,16,2.4
tt3508746,5,6,0.9
tt3508746,4,1,0.2
tt3508746,3,1,0.2
tt3508746,2,2,0.3
tt3508746,1,45,6.8
tt3508748,10,336,55.6
tt3508748,9,54,8.9
tt3508748,8,110,18.2
tt3508748,7,45,7.5
tt3508748,6,25,4.1
tt3508748,5,5,0.8
tt3508748,4,3,0.5
tt3508748,3,0,0.0
tt3508748,2,3,0.5
tt3508748,1,23,3.8
tt3599556,10,367,57.6
tt3599556,9,99,15.5
tt3599556,8,83,13.0
tt3599556,7,51,8.0
tt3599556,6,9,1.4
tt3599556,5,7,1.1
tt3599556,4,1,0.2
tt3599556,3,1,0.2
tt3599556,2,1,0.2
tt3599556,1,18,2.8
tt3599560,10,369,52.9
tt3599560,9,162,23.2
tt3599560,8,62,8.9
tt3599560,7,28,4.0
tt3599560,6,9,1.3
tt3599560,5,10,1.4
tt3599560,4,1,0.1
tt3599560,3,4,0.6
tt3599560,2,8,1.1
tt3599560,1,44,6.3
tt3599562,10,348,56.6
tt3599562,9,97,15.8
tt3599562,8,76,12.4
tt3599562,7,33,5.4
tt3599562,6,14,2.3
tt3599562,5,9,1.5
tt3599562,4,3,0.5
tt3599562,3,1,0.2
tt3599562,2,9,1.5
tt3599562,1,25,4.1
tt3599558,10,331,55.5
tt3599558,9,34,5.7
tt3599558,8,93,15.6
tt3599558,7,69,11.6
tt3599558,6,24,4.0
tt3599558,5,12,2.0
tt3599558,4,3,0.5
tt3599558,3,4,0.7
tt3599558,2,3,0.5
tt3599558,1,23,3.9
tt3673434,10,340,56.3
tt3673434,9,71,11.8
tt3673434,8,98,16.2
tt3673434,7,52,8.6
tt3673434,6,9,1.5
tt3673434,5,5,0.8
tt3673434,4,1,0.2
tt3673434,3,2,0.3
tt3673434,2,3,0.5
tt3673434,1,23,3.8
tt3696034,10,332,57.8
tt3696034,9,95,16.6
tt3696034,8,75,13.1
tt3696034,7,32,5.6
tt3696034,6,9,1.6
tt3696034,5,5,0.9
tt3696034,4,2,0.3
tt3696034,3,1,0.2
tt3696034,2,2,0.3
tt3696034,1,21,3.7
tt3717668,10,380,56.0
tt3717668,9,127,18.7
tt3717668,8,92,13.5
tt3717668,7,35,5.2
tt3717668,6,14,2.1
tt3717668,5,4,0.6
tt3717668,4,1,0.1
tt3717668,3,0,0.0
tt3717668,2,3,0.4
tt3717668,1,23,3.4
tt3892406,10,82,12.0
tt3892406,9,50,7.3
tt3892406,8,101,14.7
tt3892406,7,89,13.0
tt3892406,6,26,3.8
tt3892406,5,12,1.7
tt3892406,4,14,2.0
tt3892406,3,2,0.3
tt3892406,2,4,0.6
tt3892406,1,306,44.6
tt4006502,10,86,12.7
tt4006502,9,67,9.9
tt4006502,8,94,13.9
tt4006502,7,96,14.2
tt4006502,6,14,2.1
tt4006502,5,9,1.3
tt4006502,4,3,0.4
tt4006502,3,2,0.3
tt4006502,2,2,0.3
tt4006502,1,302,44.7
tt4067010,10,399,55.7
tt4067010,9,110,15.4
tt4067010,8,106,14.8
tt4067010,7,59,8.2
tt4067010,6,10,1.4
tt4067010,5,4,0.6
tt4067010,4,3,0.4
tt4067010,3,0,0.0
tt4067010,2,4,0.6
tt4067010,1,21,2.9
tt4086130,10,251,38.1
tt4086130,9,154,23.4
tt4086130,8,135,20.5
tt4086130,7,54,8.2
tt4086130,6,11,1.7
tt4086130,5,8,1.2
tt4086130,4,4,0.6
tt4086130,3,3,0.5
tt4086130,2,7,1.1
tt4086130,1,32,4.9
tt4128738,10,342,49.3
tt4128738,9,67,9.7
tt4128738,8,128,18.4
tt4128738,7,75,10.8
tt4128738,6,29,4.2
tt4128738,5,13,1.9
tt4128738,4,1,0.1
tt4128738,3,2,0.3
tt4128738,2,4,0.6
tt4128738,1,33,4.8
tt4130022,10,416,57.2
tt4130022,9,84,11.6
tt4130022,8,117,16.1
tt4130022,7,49,6.7
tt4130022,6,23,3.2
tt4130022,5,9,1.2
tt4130022,4,6,0.8
tt4130022,3,0,0.0
tt4130022,2,4,0.6
tt4130022,1,19,2.6
tt4155552,10,265,41.5
tt4155552,9,38,6.0
tt4155552,8,140,21.9
tt4155552,7,73,11.4
tt4155552,6,45,7.1
tt4155552,5,16,2.5
tt4155552,4,6,0.9
tt4155552,3,3,0.5
tt4155552,2,7,1.1
tt4155552,1,45,7.1
tt4197164,10,92,13.9
tt4197164,9,38,5.7
tt4197164,8,90,13.6
tt4197164,7,69,10.4
tt4197164,6,36,5.4
tt4197164,5,19,2.9
tt4197164,4,2,0.3
tt4197164,3,0,0.0
tt4197164,2,3,0.5
tt4197164,1,312,47.2
tt4272722,10,393,57.0
tt4272722,9,68,9.9
tt4272722,8,109,15.8
tt4272722,7,55,8.0
tt4272722,6,15,2.2
tt4272722,5,9,1.3
tt4272722,4,14,2.0
tt4272722,3,0,0.0
tt4272722,2,3,0.4
tt4272722,1,23,3.3
tt4196562,10,356,52.4
tt4196562,9,65,9.6
tt4196562,8,126,18.6
tt4196562,7,70,10.3
tt4196562,6,27,4.0
tt4196562,5,12,1.8
tt4196562,4,3,0.4
tt4196562,3,2,0.3
tt4196562,2,4,0.6
tt4196562,1,14,2.1
tt4325312,10,376,54.7
tt4325312,9,71,10.3
tt4325312,8,116,16.9
tt4325312,7,60,8.7
tt4325312,6,22,3.2
tt4325312,5,14,2.0
tt4325312,4,5,0.7
tt4325312,3,3,0.4
tt4325312,2,3,0.4
tt4325312,1,18,2.6
tt4328658,10,100,14.1
tt4328658,9,56,7.9
tt4328658,8,81,11.4
tt4328658,7,83,11.7
tt4328658,6,32,4.5
tt4328658,5,26,3.7
tt4328658,4,5,0.7
tt4328658,3,2,0.3
tt4328658,2,7,1.0
tt4328658,1,319,44.9
tt4419540,10,246,14.2
tt4419540,9,51,2.9
tt4419540,8,60,3.5
tt4419540,7,64,3.7
tt4419540,6,47,2.7
tt4419540,5,53,3.0
tt4419540,4,30,1.7
tt4419540,3,30,1.7
tt4419540,2,60,3.5
tt4419540,1,1097,63.1
tt4412018,10,359,48.8
tt4412018,9,59,8.0
tt4412018,8,111,15.1
tt4412018,7,81,11.0
tt4412018,6,20,2.7
tt4412018,5,8,1.1
tt4412018,4,5,0.7
tt4412018,3,2,0.3
tt4412018,2,3,0.4
tt4412018,1,88,12.0
tt4432486,10,84,11.6
tt4432486,9,38,5.3
tt4432486,8,58,8.0
tt4432486,7,94,13.0
tt4432486,6,68,9.4
tt4432486,5,24,3.3
tt4432486,4,7,1.0
tt4432486,3,9,1.2
tt4432486,2,5,0.7
tt4432486,1,335,46.4
tt4507510,10,97,13.4
tt4507510,9,51,7.1
tt4507510,8,95,13.2
tt4507510,7,84,11.6
tt4507510,6,40,5.5
tt4507510,5,8,1.1
tt4507510,4,5,0.7
tt4507510,3,3,0.4
tt4507510,2,4,0.6
tt4507510,1,335,46.4
tt4529800,10,78,11.2
tt4529800,9,29,4.2
tt4529800,8,55,7.9
tt4529800,7,74,10.6
tt4529800,6,59,8.5
tt4529800,5,32,4.6
tt4529800,4,8,1.1
tt4529800,3,8,1.1
tt4529800,2,12,1.7
tt4529800,1,341,49.0
tt4540826,10,97,14.0
tt4540826,9,32,4.6
tt4540826,8,61,8.8
tt4540826,7,73,10.5
tt4540826,6,45,6.5
tt4540826,5,23,3.3
tt4540826,4,8,1.2
tt4540826,3,5,0.7
tt4540826,2,7,1.0
tt4540826,1,344,49.5
tt4596276,10,430,56.5
tt4596276,9,114,15.0
tt4596276,8,96,12.6
tt4596276,7,42,5.5
tt4596276,6,17,2.2
tt4596276,5,5,0.7
tt4596276,4,4,0.5
tt4596276,3,5,0.7
tt4596276,2,2,0.3
tt4596276,1,46,6.0
tt4614756,10,79,12.3
tt4614756,9,37,5.8
tt4614756,8,65,10.1
tt4614756,7,80,12.5
tt4614756,6,29,4.5
tt4614756,5,18,2.8
tt4614756,4,5,0.8
tt4614756,3,6,0.9
tt4614756,2,3,0.5
tt4614756,1,319,49.8
tt4635088,10,333,54.8
tt4635088,9,34,5.6
tt4635088,8,86,14.1
tt4635088,7,81,13.3
tt4635088,6,23,3.8
tt4635088,5,9,1.5
tt4635088,4,2,0.3
tt4635088,3,2,0.3
tt4635088,2,6,1.0
tt4635088,1,32,5.3
tt4653920,10,377,57.4
tt4653920,9,88,13.4
tt4653920,8,87,13.2
tt4653920,7,46,7.0
tt4653920,6,12,1.8
tt4653920,5,8,1.2
tt4653920,4,3,0.5
tt4653920,3,2,0.3
tt4653920,2,4,0.6
tt4653920,1,30,4.6
tt4524654,10,320,47.1
tt4524654,9,179,26.4
tt4524654,8,87,12.8
tt4524654,7,31,4.6
tt4524654,6,11,1.6
tt4524654,5,3,0.4
tt4524654,4,1,0.1
tt4524654,3,2,0.3
tt4524654,2,2,0.3
tt4524654,1,43,6.3
tt4777124,10,392,53.3
tt4777124,9,152,20.7
tt4777124,8,100,13.6
tt4777124,7,34,4.6
tt4777124,6,9,1.2
tt4777124,5,3,0.4
tt4777124,4,3,0.4
tt4777124,3,1,0.1
tt4777124,2,2,0.3
tt4777124,1,39,5.3
tt4777126,10,490,55.6
tt4777126,9,155,17.6
tt4777126,8,106,12.0
tt4777126,7,52,5.9
tt4777126,6,13,1.5
tt4777126,5,7,0.8
tt4777126,4,4,0.5
tt4777126,3,2,0.2
tt4777126,2,4,0.5
tt4777126,1,49,5.6
tt5046480,10,381,48.1
tt5046480,9,163,20.6
tt5046480,8,110,13.9
tt5046480,7,53,6.7
tt5046480,6,14,1.8
tt5046480,5,4,0.5
tt5046480,4,1,0.1
tt5046480,3,3,0.4
tt5046480,2,4,0.5
tt5046480,1,59,7.4
tt5044786,10,227,38.1
tt5044786,9,129,21.6
tt5044786,8,105,17.6
tt5044786,7,65,10.9
tt5044786,6,21,3.5
tt5044786,5,8,1.3
tt5044786,4,3,0.5
tt5044786,3,4,0.7
tt5044786,2,3,0.5
tt5044786,1,31,5.2
tt4916180,10,252,39.3
tt4916180,9,143,22.3
tt4916180,8,104,16.2
tt4916180,7,64,10.0
tt4916180,6,27,4.2
tt4916180,5,8,1.2
tt4916180,4,3,0.5
tt4916180,3,5,0.8
tt4916180,2,8,1.2
tt4916180,1,28,4.4
tt5110040,10,477,61.4
tt5110040,9,79,10.2
tt5110040,8,106,13.6
tt5110040,7,68,8.8
tt5110040,6,15,1.9
tt5110040,5,4,0.5
tt5110040,4,2,0.3
tt5110040,3,1,0.1
tt5110040,2,3,0.4
tt5110040,1,22,2.8
tt5146930,10,384,55.8
tt5146930,9,71,10.3
tt5146930,8,108,15.7
tt5146930,7,62,9.0
tt5146930,6,20,2.9
tt5146930,5,6,0.9
tt5146930,4,2,0.3
tt5146930,3,2,0.3
tt5146930,2,3,0.4
tt5146930,1,30,4.4
tt5154188,10,50,6.9
tt5154188,9,34,4.7
tt5154188,8,80,11.1
tt5154188,7,78,10.8
tt5154188,6,37,5.1
tt5154188,5,22,3.1
tt5154188,4,5,0.7
tt5154188,3,5,0.7
tt5154188,2,4,0.6
tt5154188,1,406,56.3
tt5171644,10,159,25.1
tt5171644,9,53,8.4
tt5171644,8,276,43.6
tt5171644,7,86,13.6
tt5171644,6,21,3.3
tt5171644,5,9,1.4
tt5171644,4,3,0.5
tt5171644,3,3,0.5
tt5171644,2,2,0.3
tt5171644,1,21,3.3
tt5196638,10,583,65.2
tt5196638,9,127,14.2
tt5196638,8,76,8.5
tt5196638,7,34,3.8
tt5196638,6,13,1.5
tt5196638,5,4,0.4
tt5196638,4,1,0.1
tt5196638,3,2,0.2
tt5196638,2,4,0.4
tt5196638,1,50,5.6
tt5219196,10,151,25.3
tt5219196,9,50,8.4
tt5219196,8,242,40.5
tt5219196,7,96,16.1
tt5219196,6,21,3.5
tt5219196,5,12,2.0
tt5219196,4,2,0.3
tt5219196,3,1,0.2
tt5219196,2,6,1.0
tt5219196,1,17,2.8
tt5317574,10,143,25.2
tt5317574,9,47,8.3
tt5317574,8,265,46.7
tt5317574,7,68,12.0
tt5317574,6,19,3.4
tt5317574,5,4,0.7
tt5317574,4,2,0.4
tt5317574,3,1,0.2
tt5317574,2,1,0.2
tt5317574,1,17,3.0
tt5317580,10,201,37.3
tt5317580,9,133,24.7
tt5317580,8,108,20.0
tt5317580,7,48,8.9
tt5317580,6,12,2.2
tt5317580,5,5,0.9
tt5317580,4,4,0.7
tt5317580,3,1,0.2
tt5317580,2,2,0.4
tt5317580,1,25,4.6
tt5372770,10,419,58.2
tt5372770,9,123,17.1
tt5372770,8,75,10.4
tt5372770,7,38,5.3
tt5372770,6,8,1.1
tt5372770,5,4,0.6
tt5372770,4,2,0.3
tt5372770,3,1,0.1
tt5372770,2,1,0.1
tt5372770,1,49,6.8
tt5429026,10,458,62.8
tt5429026,9,56,7.7
tt5429026,8,101,13.9
tt5429026,7,72,9.9
tt5429026,6,17,2.3
tt5429026,5,6,0.8
tt5429026,4,3,0.4
tt5429026,3,1,0.1
tt5429026,2,1,0.1
tt5429026,1,14,1.9
tt5475952,10,544,63.1
tt5475952,9,154,17.9
tt5475952,8,59,6.8
tt5475952,7,26,3.0
tt5475952,6,9,1.0
tt5475952,5,3,0.3
tt5475952,4,4,0.5
tt5475952,3,2,0.2
tt5475952,2,1,0.1
tt5475952,1,60,7.0
tt5487544,10,518,64.8
tt5487544,9,113,14.1
tt5487544,8,71,8.9
tt5487544,7,31,3.9
tt5487544,6,12,1.5
tt5487544,5,4,0.5
tt5487544,4,6,0.8
tt5487544,3,4,0.5
tt5487544,2,1,0.1
tt5487544,1,39,4.9
tt5511766,10,171,33.3
tt5511766,9,158,30.7
tt5511766,8,112,21.8
tt5511766,7,36,7.0
tt5511766,6,12,2.3
tt5511766,5,4,0.8
tt5511766,4,2,0.4
tt5511766,3,1,0.2
tt5511766,2,1,0.2
tt5511766,1,17,3.3
tt5566126,10,190,33.1
tt5566126,9,176,30.7
tt5566126,8,111,19.3
tt5566126,7,52,9.1
tt5566126,6,21,3.7
tt5566126,5,3,0.5
tt5566126,4,3,0.5
tt5566126,3,1,0.2
tt5566126,2,0,0.0
tt5566126,1,17,3.0
tt5566130,10,150,24.7
tt5566130,9,45,7.4
tt5566130,8,279,46.0
tt5566130,7,67,11.0
tt5566130,6,26,4.3
tt5566130,5,13,2.1
tt5566130,4,5,0.8
tt5566130,3,6,1.0
tt5566130,2,3,0.5
tt5566130,1,13,2.1
tt5566138,10,467,61.9
tt5566138,9,120,15.9
tt5566138,8,80,10.6
tt5566138,7,30,4.0
tt5566138,6,10,1.3
tt5566138,5,3,0.4
tt5566138,4,3,0.4
tt5566138,3,1,0.1
tt5566138,2,1,0.1
tt5566138,1,39,5.2
tt5566140,10,616,66.1
tt5566140,9,148,15.9
tt5566140,8,58,6.2
tt5566140,7,22,2.4
tt5566140,6,5,0.5
tt5566140,5,4,0.4
tt5566140,4,3,0.3
tt5566140,3,2,0.2
tt5566140,2,2,0.2
tt5566140,1,72,7.7
tt5734502,10,387,51.4
tt5734502,9,148,19.7
tt5734502,8,97,12.9
tt5734502,7,53,7.0
tt5734502,6,18,2.4
tt5734502,5,12,1.6
tt5734502,4,6,0.8
tt5734502,3,3,0.4
tt5734502,2,5,0.7
tt5734502,1,24,3.2
tt5901996,10,138,22.9
tt5901996,9,59,9.8
tt5901996,8,284,47.2
tt5901996,7,50,8.3
tt5901996,6,28,4.7
tt5901996,5,7,1.2
tt5901996,4,7,1.2
tt5901996,3,3,0.5
tt5901996,2,6,1.0
tt5901996,1,20,3.3
tt5901998,10,401,48.5
tt5901998,9,82,9.9
tt5901998,8,64,7.7
tt5901998,7,87,10.5
tt5901998,6,47,5.7
tt5901998,5,29,3.5
tt5901998,4,19,2.3
tt5901998,3,17,2.1
tt5901998,2,22,2.7
tt5901998,1,59,7.1
tt5902004,10,57,7.8
tt5902004,9,30,4.1
tt5902004,8,64,8.7
tt5902004,7,99,13.5
tt5902004,6,56,7.7
tt5902004,5,19,2.6
tt5902004,4,10,1.4
tt5902004,3,9,1.2
tt5902004,2,9,1.2
tt5902004,1,379,51.8
tt5902006,10,450,59.6
tt5902006,9,65,8.6
tt5902006,8,101,13.4
tt5902006,7,55,7.3
tt5902006,6,27,3.6
tt5902006,5,8,1.1
tt5902006,4,9,1.2
tt5902006,3,7,0.9
tt5902006,2,8,1.1
tt5902006,1,25,3.3
tt5902008,10,468,63.5
tt5902008,9,55,7.5
tt5902008,8,98,13.3
tt5902008,7,48,6.5
tt5902008,6,25,3.4
tt5902008,5,15,2.0
tt5902008,4,10,1.4
tt5902008,3,2,0.3
tt5902008,2,5,0.7
tt5902008,1,11,1.5
tt5902014,10,196,34.9
tt5902014,9,158,28.1
tt5902014,8,96,17.1
tt5902014,7,57,10.1
tt5902014,6,22,3.9
tt5902014,5,5,0.9
tt5902014,4,6,1.1
tt5902014,3,3,0.5
tt5902014,2,3,0.5
tt5902014,1,16,2.8
tt6352474,10,188,34.3
tt6352474,9,146,26.6
tt6352474,8,104,19.0
tt6352474,7,57,10.4
tt6352474,6,23,4.2
tt6352474,5,8,1.5
tt6352474,4,6,1.1
tt6352474,3,2,0.4
tt6352474,2,3,0.5
tt6352474,1,11,2.0
tt5902020,10,156,28.5
tt5902020,9,201,36.7
tt5902020,8,108,19.7
tt5902020,7,43,7.8
tt5902020,6,15,2.7
tt5902020,5,8,1.5
tt5902020,4,2,0.4
tt5902020,3,1,0.2
tt5902020,2,3,0.5
tt5902020,1,11,2.0
tt6401616,10,529,63.9
tt6401616,9,106,12.8
tt6401616,8,89,10.7
tt6401616,7,38,4.6
tt6401616,6,9,1.1
tt6401616,5,6,0.7
tt6401616,4,4,0.5
tt6401616,3,3,0.4
tt6401616,2,2,0.2
tt6401616,1,42,5.1
tt5902012,10,498,64.2
tt5902012,9,92,11.9
tt5902012,8,88,11.3
tt5902012,7,34,4.4
tt5902012,6,11,1.4
tt5902012,5,6,0.8
tt5902012,4,5,0.6
tt5902012,3,1,0.1
tt5902012,2,1,0.1
tt5902012,1,40,5.2
tt5902022,10,64,9.0
tt5902022,9,43,6.1
tt5902022,8,60,8.5
tt5902022,7,51,7.2
tt5902022,6,39,5.5
tt5902022,5,28,4.0
tt5902022,4,12,1.7
tt5902022,3,2,0.3
tt5902022,2,6,0.8
tt5902022,1,403,56.9
tt5902028,10,164,33.3
tt5902028,9,149,30.2
tt5902028,8,91,18.5
tt5902028,7,48,9.7
tt5902028,6,16,3.2
tt5902028,5,6,1.2
tt5902028,4,2,0.4
tt5902028,3,1,0.2
tt5902028,2,4,0.8
tt5902028,1,12,2.4
tt5902026,10,168,38.4
tt5902026,9,94,21.5
tt5902026,8,98,22.4
tt5902026,7,38,8.7
tt5902026,6,18,4.1
tt5902026,5,3,0.7
tt5902026,4,2,0.5
tt5902026,3,2,0.5
tt5902026,2,4,0.9
tt5902026,1,11,2.5
tt5902030,10,160,37.5
tt5902030,9,113,26.5
tt5902030,8,93,21.8
tt5902030,7,24,5.6
tt5902030,6,16,3.7
tt5902030,5,4,0.9
tt5902030,4,2,0.5
tt5902030,3,1,0.2
tt5902030,2,3,0.7
tt5902030,1,11,2.6
tt5902032,10,379,64.3
tt5902032,9,62,10.5
tt5902032,8,73,12.4
tt5902032,7,38,6.5
tt5902032,6,17,2.9
tt5902032,5,5,0.8
tt5902032,4,2,0.3
tt5902032,3,3,0.5
tt5902032,2,0,0.0
tt5902032,1,10,1.7
tt5902034,10,255,49.3
tt5902034,9,108,20.9
tt5902034,8,83,16.1
tt5902034,7,31,6.0
tt5902034,6,10,1.9
tt5902034,5,5,1.0
tt5902034,4,4,0.8
tt5902034,3,2,0.4
tt5902034,2,1,0.2
tt5902034,1,18,3.5
tt5902036,10,184,30.0
tt5902036,9,204,33.2
tt5902036,8,104,16.9
tt5902036,7,56,9.1
tt5902036,6,21,3.4
tt5902036,5,8,1.3
tt5902036,4,5,0.8
tt5902036,3,5,0.8
tt5902036,2,3,0.5
tt5902036,1,24,3.9
tt5902046,10,169,30.6
tt5902046,9,195,35.3
tt5902046,8,85,15.4
tt5902046,7,41,7.4
tt5902046,6,18,3.3
tt5902046,5,5,0.9
tt5902046,4,5,0.9
tt5902046,3,5,0.9
tt5902046,2,3,0.5
tt5902046,1,27,4.9
tt5902048,10,123,16.4
tt5902048,9,51,6.8
tt5902048,8,65,8.6
tt5902048,7,44,5.9
tt5902048,6,20,2.7
tt5902048,5,14,1.9
tt5902048,4,5,0.7
tt5902048,3,5,0.7
tt5902048,2,8,1.1
tt5902048,1,417,55.5
tt5902050,10,129,17.1
tt5902050,9,59,7.8
tt5902050,8,52,6.9
tt5902050,7,42,5.6
tt5902050,6,16,2.1
tt5902050,5,15,2.0
tt5902050,4,12,1.6
tt5902050,3,6,0.8
tt5902050,2,9,1.2
tt5902050,1,416,55.0
tt6882956,10,266,44.7
tt6882956,9,105,17.6
tt6882956,8,94,15.8
tt6882956,7,51,8.6
tt6882956,6,22,3.7
tt6882956,5,5,0.8
tt6882956,4,4,0.7
tt6882956,3,1,0.2
tt6882956,2,2,0.3
tt6882956,1,45,7.6
tt6884416,10,382,60.4
tt6884416,9,68,10.8
tt6884416,8,73,11.6
tt6884416,7,54,8.5
tt6884416,6,17,2.7
tt6884416,5,6,0.9
tt6884416,4,1,0.2
tt6884416,3,2,0.3
tt6884416,2,5,0.8
tt6884416,1,24,3.8
tt6930594,10,392,60.5
tt6930594,9,68,10.5
tt6930594,8,80,12.3
tt6930594,7,47,7.3
tt6930594,6,22,3.4
tt6930594,5,10,1.5
tt6930594,4,4,0.6
tt6930594,3,8,1.2
tt6930594,2,4,0.6
tt6930594,1,13,2.0
tt7195314,10,343,56.1
tt7195314,9,79,12.9
tt7195314,8,70,11.5
tt7195314,7,46,7.5
tt7195314,6,25,4.1
tt7195314,5,6,1.0
tt7195314,4,5,0.8
tt7195314,3,3,0.5
tt7195314,2,3,0.5
tt7195314,1,31,5.1
tt7195344,10,161,37.4
tt7195344,9,75,17.4
tt7195344,8,85,19.7
tt7195344,7,45,10.4
tt7195344,6,12,2.8
tt7195344,5,7,1.6
tt7195344,4,5,1.2
tt7195344,3,4,0.9
tt7195344,2,4,0.9
tt7195344,1,33,7.7
tt7195346,10,355,58.1
tt7195346,9,88,14.4
tt7195346,8,79,12.9
tt7195346,7,40,6.5
tt7195346,6,18,2.9
tt7195346,5,7,1.1
tt7195346,4,4,0.7
tt7195346,3,1,0.2
tt7195346,2,3,0.5
tt7195346,1,16,2.6
tt7195348,10,200,27.3
tt7195348,9,52,7.1
tt7195348,8,222,30.3
tt7195348,7,55,7.5
tt7195348,6,23,3.1
tt7195348,5,21,2.9
tt7195348,4,12,1.6
tt7195348,3,11,1.5
tt7195348,2,19,2.6
tt7195348,1,118,16.1
tt7195350,10,336,56.7
tt7195350,9,92,15.5
tt7195350,8,86,14.5
tt7195350,7,41,6.9
tt7195350,6,8,1.3
tt7195350,5,4,0.7
tt7195350,4,2,0.3
tt7195350,3,1,0.2
tt7195350,2,3,0.5
tt7195350,1,20,3.4
tt7195352,10,381,58.6
tt7195352,9,107,16.5
tt7195352,8,65,10.0
tt7195352,7,22,3.4
tt7195352,6,11,1.7
tt7195352,5,11,1.7
tt7195352,4,2,0.3
tt7195352,3,1,0.2
tt7195352,2,2,0.3
tt7195352,1,48,7.4
tt7195354,10,338,58.3
tt7195354,9,89,15.3
tt7195354,8,79,13.6
tt7195354,7,41,7.1
tt7195354,6,8,1.4
tt7195354,5,3,0.5
tt7195354,4,2,0.3
tt7195354,3,0,0.0
tt7195354,2,4,0.7
tt7195354,1,16,2.8
tt7195356,10,420,61.0
tt7195356,9,70,10.2
tt7195356,8,82,11.9
tt7195356,7,50,7.3
tt7195356,6,14,2.0
tt7195356,5,9,1.3
tt7195356,4,4,0.6
tt7195356,3,11,1.6
tt7195356,2,5,0.7
tt7195356,1,23,3.3
tt7195358,10,464,49.8
tt7195358,9,28,3.0
tt7195358,8,52,5.6
tt7195358,7,79,8.5
tt7195358,6,50,5.4
tt7195358,5,23,2.5
tt7195358,4,18,1.9
tt7195358,3,20,2.1
tt7195358,2,12,1.3
tt7195358,1,186,20.0
tt7195362,10,180,26.0
tt7195362,9,124,17.9
tt7195362,8,243,35.2
tt7195362,7,33,4.8
tt7195362,6,13,1.9
tt7195362,5,7,1.0
tt7195362,4,4,0.6
tt7195362,3,6,0.9
tt7195362,2,8,1.2
tt7195362,1,73,10.6
tt7195366,10,163,37.2
tt7195366,9,88,20.1
tt7195366,8,86,19.6
tt7195366,7,47,10.7
tt7195366,6,27,6.2
tt7195366,5,3,0.7
tt7195366,4,1,0.2
tt7195366,3,2,0.5
tt7195366,2,3,0.7
tt7195366,1,18,4.1
tt7195370,10,457,64.0
tt7195370,9,32,4.5
tt7195370,8,75,10.5
tt7195370,7,58,8.1
tt7195370,6,28,3.9
tt7195370,5,10,1.4
tt7195370,4,11,1.5
tt7195370,3,7,1.0
tt7195370,2,10,1.4
tt7195370,1,26,3.6
tt7195372,10,493,63.4
tt7195372,9,100,12.9
tt7195372,8,77,9.9
tt7195372,7,35,4.5
tt7195372,6,9,1.2
tt7195372,5,4,0.5
tt7195372,4,2,0.3
tt7195372,3,3,0.4
tt7195372,2,6,0.8
tt7195372,1,49,6.3
tt7195374,10,278,52.7
tt7195374,9,90,17.0
tt7195374,8,76,14.4
tt7195374,7,36,6.8
tt7195374,6,9,1.7
tt7195374,5,8,1.5
tt7195374,4,3,0.6
tt7195374,3,1,0.2
tt7195374,2,1,0.2
tt7195374,1,26,4.9
tt7195376,10,110,14.8
tt7195376,9,69,9.3
tt7195376,8,68,9.2
tt7195376,7,43,5.8
tt7195376,6,33,4.5
tt7195376,5,9,1.2
tt7195376,4,1,0.1
tt7195376,3,3,0.4
tt7195376,2,7,0.9
tt7195376,1,398,53.7
tt7195378,10,458,62.6
tt7195378,9,88,12.0
tt7195378,8,70,9.6
tt7195378,7,40,5.5
tt7195378,6,12,1.6
tt7195378,5,8,1.1
tt7195378,4,0,0.0
tt7195378,3,3,0.4
tt7195378,2,2,0.3
tt7195378,1,51,7.0
tt7195380,10,158,25.7
tt7195380,9,251,40.9
tt7195380,8,113,18.4
tt7195380,7,34,5.5
tt7195380,6,13,2.1
tt7195380,5,7,1.1
tt7195380,4,7,1.1
tt7195380,3,5,0.8
tt7195380,2,3,0.5
tt7195380,1,23,3.7
tt7195384,10,336,60.2
tt7195384,9,72,12.9
tt7195384,8,68,12.2
tt7195384,7,34,6.1
tt7195384,6,13,2.3
tt7195384,5,5,0.9
tt7195384,4,3,0.5
tt7195384,3,1,0.2
tt7195384,2,0,0.0
tt7195384,1,26,4.7
tt7195386,10,247,53.7
tt7195386,9,70,15.2
tt7195386,8,70,15.2
tt7195386,7,40,8.7
tt7195386,6,10,2.2
tt7195386,5,4,0.9
tt7195386,4,0,0.0
tt7195386,3,1,0.2
tt7195386,2,1,0.2
tt7195386,1,17,3.7
tt7846626,10,488,66.5
tt7846626,9,48,6.5
tt7846626,8,57,7.8
tt7846626,7,40,5.4
tt7846626,6,18,2.5
tt7846626,5,15,2.0
tt7846626,4,3,0.4
tt7846626,3,10,1.4
tt7846626,2,10,1.4
tt7846626,1,45,6.1
tt7846634,10,178,30.5
tt7846634,9,191,32.7
tt7846634,8,71,12.2
tt7846634,7,36,6.2
tt7846634,6,20,3.4
tt7846634,5,10,1.7
tt7846634,4,8,1.4
tt7846634,3,7,1.2
tt7846634,2,11,1.9
tt7846634,1,52,8.9
tt8395466,10,176,31.7
tt8395466,9,197,35.5
tt8395466,8,86,15.5
tt8395466,7,49,8.8
tt8395466,6,15,2.7
tt8395466,5,5,0.9
tt8395466,4,1,0.2
tt8395466,3,5,0.9
tt8395466,2,5,0.9
tt8395466,1,16,2.9
tt8585606,10,353,58.0
tt8585606,9,93,15.3
tt8585606,8,55,9.0
tt8585606,7,39,6.4
tt8585606,6,11,1.8
tt8585606,5,8,1.3
tt8585606,4,6,1.0
tt8585606,3,6,1.0
tt8585606,2,5,0.8
tt8585606,1,33,5.4
tt8794144,10,268,31.4
tt8794144,9,57,6.7
tt8794144,8,336,39.4
tt8794144,7,39,4.6
tt8794144,6,19,2.2
tt8794144,5,4,0.5
tt8794144,4,5,0.6
tt8794144,3,11,1.3
tt8794144,2,14,1.6
tt8794144,1,100,11.7
tt8815444,10,345,55.1
tt8815444,9,132,21.1
tt8815444,8,77,12.3
tt8815444,7,38,6.1
tt8815444,6,11,1.8
tt8815444,5,3,0.5
tt8815444,4,2,0.3
tt8815444,3,3,0.5
tt8815444,2,2,0.3
tt8815444,1,13,2.1
tt8843020,10,166,33.4
tt8843020,9,158,31.8
tt8843020,8,73,14.7
tt8843020,7,59,11.9
tt8843020,6,18,3.6
tt8843020,5,8,1.6
tt8843020,4,4,0.8
tt8843020,3,2,0.4
tt8843020,2,0,0.0
tt8843020,1,9,1.8
tt8917870,10,82,13.4
tt8917870,9,57,9.3
tt8917870,8,389,63.6
tt8917870,7,49,8.0
tt8917870,6,13,2.1
tt8917870,5,3,0.5
tt8917870,4,3,0.5
tt8917870,3,2,0.3
tt8917870,2,3,0.5
tt8917870,1,11,1.8
tt8917872,10,89,14.1
tt8917872,9,62,9.8
tt8917872,8,382,60.3
tt8917872,7,46,7.3
tt8917872,6,18,2.8
tt8917872,5,6,0.9
tt8917872,4,3,0.5
tt8917872,3,4,0.6
tt8917872,2,4,0.6
tt8917872,1,19,3.0
tt8917874,10,107,17.5
tt8917874,9,55,9.0
tt8917874,8,347,56.7
tt8917874,7,49,8.0
tt8917874,6,19,3.1
tt8917874,5,3,0.5
tt8917874,4,5,0.8
tt8917874,3,2,0.3
tt8917874,2,4,0.7
tt8917874,1,21,3.4
tt8917878,10,133,28.9
tt8917878,9,178,38.6
tt8917878,8,78,16.9
tt8917878,7,28,6.1
tt8917878,6,9,2.0
tt8917878,5,5,1.1
tt8917878,4,3,0.7
tt8917878,3,5,1.1
tt8917878,2,1,0.2
tt8917878,1,21,4.6
tt9122594,10,328,55.7
tt9122594,9,110,18.7
tt9122594,8,55,9.3
tt9122594,7,30,5.1
tt9122594,6,6,1.0
tt9122594,5,1,0.2
tt9122594,4,9,1.5
tt9122594,3,3,0.5
tt9122594,2,1,0.2
tt9122594,1,46,7.8
tt9122600,10,305,58.4
tt9122600,9,92,17.6
tt9122600,8,55,10.5
tt9122600,7,32,6.1
tt9122600,6,12,2.3
tt9122600,5,5,1.0
tt9122600,4,1,0.2
tt9122600,3,0,0.0
tt9122600,2,1,0.2
tt9122600,1,19,3.6
tt9126864,10,290,58.5
tt9126864,9,89,17.9
tt9126864,8,47,9.5
tt9126864,7,26,5.2
tt9126864,6,13,2.6
tt9126864,5,4,0.8
tt9126864,4,3,0.6
tt9126864,3,0,0.0
tt9126864,2,3,0.6
tt9126864,1,21,4.2
tt9122606,10,278,57.1
tt9122606,9,72,14.8
tt9122606,8,65,13.3
tt9122606,7,38,7.8
tt9122606,6,13,2.7
tt9122606,5,1,0.2
tt9122606,4,0,0.0
tt9122606,3,0,0.0
tt9122606,2,1,0.2
tt9122606,1,19,3.9
tt9122616,10,98,13.8
tt9122616,9,42,5.9
tt9122616,8,40,5.6
tt9122616,7,35,4.9
tt9122616,6,37,5.2
tt9122616,5,39,5.5
tt9122616,4,28,3.9
tt9122616,3,28,3.9
tt9122616,2,38,5.4
tt9122616,1,325,45.8
tt9122624,10,139,34.0
tt9122624,9,145,35.5
tt9122624,8,63,15.4
tt9122624,7,29,7.1
tt9122624,6,13,3.2
tt9122624,5,5,1.2
tt9122624,4,3,0.7
tt9122624,3,1,0.2
tt9122624,2,0,0.0
tt9122624,1,11,2.7
tt9122640,10,123,33.1
tt9122640,9,127,34.1
tt9122640,8,66,17.7
tt9122640,7,29,7.8
tt9122640,6,13,3.5
tt9122640,5,2,0.5
tt9122640,4,1,0.3
tt9122640,3,0,0.0
tt9122640,2,0,0.0
tt9122640,1,11,3.0
tt9122646,10,132,34.5
tt9122646,9,107,27.9
tt9122646,8,70,18.3
tt9122646,7,39,10.2
tt9122646,6,11,2.9
tt9122646,5,3,0.8
tt9122646,4,2,0.5
tt9122646,3,1,0.3
tt9122646,2,2,0.5
tt9122646,1,16,4.2
tt9122652,10,63,15.7
tt9122652,9,54,13.5
tt9122652,8,188,46.9
tt9122652,7,37,9.2
tt9122652,6,11,2.7
tt9122652,5,3,0.7
tt9122652,4,4,1.0
tt9122652,3,0,0.0
tt9122652,2,0,0.0
tt9122652,1,41,10.2
tt9122658,10,74,18.9
tt9122658,9,48,12.3
tt9122658,8,176,45.0
tt9122658,7,45,11.5
tt9122658,6,12,3.1
tt9122658,5,4,1.0
tt9122658,4,5,1.3
tt9122658,3,2,0.5
tt9122658,2,6,1.5
tt9122658,1,19,4.9
tt9122666,10,76,20.5
tt9122666,9,41,11.1
tt9122666,8,171,46.2
tt9122666,7,39,10.5
tt9122666,6,14,3.8
tt9122666,5,10,2.7
tt9122666,4,2,0.5
tt9122666,3,1,0.3
tt9122666,2,1,0.3
tt9122666,1,15,4.1
tt9122674,10,73,20.3
tt9122674,9,42,11.7
tt9122674,8,163,45.3
tt9122674,7,37,10.3
tt9122674,6,12,3.3
tt9122674,5,2,0.6
tt9122674,4,1,0.3
tt9122674,3,1,0.3
tt9122674,2,0,0.0
tt9122674,1,29,8.1
tt9122678,10,57,15.1
tt9122678,9,24,6.3
tt9122678,8,51,13.5
tt9122678,7,160,42.3
tt9122678,6,27,7.1
tt9122678,5,11,2.9
tt9122678,4,9,2.4
tt9122678,3,4,1.1
tt9122678,2,3,0.8
tt9122678,1,32,8.5
tt9501784,10,67,16.5
tt9501784,9,23,5.7
tt9501784,8,54,13.3
tt9501784,7,147,36.3
tt9501784,6,23,5.7
tt9501784,5,10,2.5
tt9501784,4,8,2.0
tt9501784,3,8,2.0
tt9501784,2,14,3.5
tt9501784,1,51,12.6
tt9628210,10,75,21.4
tt9628210,9,48,13.7
tt9628210,8,47,13.4
tt9628210,7,40,11.4
tt9628210,6,19,5.4
tt9628210,5,4,1.1
tt9628210,4,3,0.9
tt9628210,3,4,1.1
tt9628210,2,2,0.6
tt9628210,1,108,30.9
tt10100938,10,83,26.8
tt10100938,9,61,19.7
tt10100938,8,80,25.8
tt10100938,7,40,12.9
tt10100938,6,13,4.2
tt10100938,5,8,2.6
tt10100938,4,2,0.6
tt10100938,3,3,1.0
tt10100938,2,3,1.0
tt10100938,1,17,5.5
tt10626008,10,54,20.1
tt10626008,9,42,15.6
tt10626008,8,80,29.7
tt10626008,7,45,16.7
tt10626008,6,18,6.7
tt10626008,5,11,4.1
tt10626008,4,7,2.6
tt10626008,3,4,1.5
tt10626008,2,3,1.1
tt10626008,1,5,1.9
tt10770464,10,59,24.2
tt10770464,9,52,21.3
tt10770464,8,68,27.9
tt10770464,7,36,14.8
tt10770464,6,14,5.7
tt10770464,5,9,3.7
tt10770464,4,1,0.4
tt10770464,3,1,0.4
tt10770464,2,1,0.4
tt10770464,1,3,1.2
tt10770478,10,69,22.8
tt10770478,9,40,13.2
tt10770478,8,67,22.2
tt10770478,7,49,16.2
tt10770478,6,17,5.6
tt10770478,5,6,2.0
tt10770478,4,7,2.3
tt10770478,3,4,1.3
tt10770478,2,12,4.0
tt10770478,1,31,10.3
tt10770492,10,67,29.8
tt10770492,9,61,27.1
tt10770492,8,56,24.9
tt10770492,7,21,9.3
tt10770492,6,6,2.7
tt10770492,5,3,1.3
tt10770492,4,2,0.9
tt10770492,3,0,0.0
tt10770492,2,0,0.0
tt10770492,1,9,4.0
tt10770498,10,90,34.9
tt10770498,9,68,26.4
tt10770498,8,68,26.4
tt10770498,7,14,5.4
tt10770498,6,5,1.9
tt10770498,5,4,1.6
tt10770498,4,1,0.4
tt10770498,3,1,0.4
tt10770498,2,1,0.4
tt10770498,1,6,2.3
tt10770502,10,48,23.1
tt10770502,9,40,19.2
tt10770502,8,58,27.9
tt10770502,7,37,17.8
tt10770502,6,14,6.7
tt10770502,5,6,2.9
tt10770502,4,1,0.5
tt10770502,3,0,0.0
tt10770502,2,0,0.0
tt10770502,1,4,1.9
tt10770510,10,39,18.0
tt10770510,9,31,14.3
tt10770510,8,62,28.6
tt10770510,7,41,18.9
tt10770510,6,16,7.4
tt10770510,5,9,4.1
tt10770510,4,6,2.8
tt10770510,3,2,0.9
tt10770510,2,3,1.4
tt10770510,1,8,3.7
tt11001932,10,58,24.7
tt11001932,9,51,21.7
tt11001932,8,78,33.2
tt11001932,7,24,10.2
tt11001932,6,11,4.7
tt11001932,5,1,0.4
tt11001932,4,1,0.4
tt11001932,3,3,1.3
tt11001932,2,1,0.4
tt11001932,1,7,3.0
tt11001940,10,46,22.5
tt11001940,9,38,18.6
tt11001940,8,65,31.9
tt11001940,7,26,12.7
tt11001940,6,10,4.9
tt11001940,5,4,2.0
tt11001940,4,1,0.5
tt11001940,3,3,1.5
tt11001940,2,4,2.0
tt11001940,1,7,3.4
tt11001952,10,47,24.0
tt11001952,9,45,23.0
tt11001952,8,57,29.1
tt11001952,7,26,13.3
tt11001952,6,7,3.6
tt11001952,5,3,1.5
tt11001952,4,3,1.5
tt11001952,3,2,1.0
tt11001952,2,2,1.0
tt11001952,1,4,2.0
tt11007986,10,78,33.6
tt11007986,9,66,28.4
tt11007986,8,45,19.4
tt11007986,7,23,9.9
tt11007986,6,4,1.7
tt11007986,5,6,2.6
tt11007986,4,4,1.7
tt11007986,3,1,0.4
tt11007986,2,2,0.9
tt11007986,1,3,1.3
tt11007996,10,49,25.3
tt11007996,9,39,20.1
tt11007996,8,63,32.5
tt11007996,7,25,12.9
tt11007996,6,8,4.1
tt11007996,5,3,1.5
tt11007996,4,1,0.5
tt11007996,3,0,0.0
tt11007996,2,0,0.0
tt11007996,1,6,3.1
tt11008004,10,68,32.9
tt11008004,9,50,24.2
tt11008004,8,54,26.1
tt11008004,7,18,8.7
tt11008004,6,6,2.9
tt11008004,5,3,1.4
tt11008004,4,0,0.0
tt11008004,3,2,1.0
tt11008004,2,1,0.5
tt11008004,1,5,2.4
tt11008022,10,46,23.8
tt11008022,9,24,12.4
tt11008022,8,60,31.1
tt11008022,7,37,19.2
tt11008022,6,16,8.3
tt11008022,5,2,1.0
tt11008022,4,3,1.6
tt11008022,3,1,0.5
tt11008022,2,0,0.0
tt11008022,1,4,2.1
tt11008024,10,46,25.3
tt11008024,9,36,19.8
tt11008024,8,57,31.3
tt11008024,7,25,13.7
tt11008024,6,11,6.0
tt11008024,5,2,1.1
tt11008024,4,0,0.0
tt11008024,3,1,0.5
tt11008024,2,1,0.5
tt11008024,1,3,1.6
tt11008026,10,36,19.6
tt11008026,9,28,15.2
tt11008026,8,62,33.7
tt11008026,7,35,19.0
tt11008026,6,15,8.2
tt11008026,5,3,1.6
tt11008026,4,2,1.1
tt11008026,3,2,1.1
tt11008026,2,0,0.0
tt11008026,1,1,0.5
tt11008030,10,47,25.8
tt11008030,9,48,26.4
tt11008030,8,59,32.4
tt11008030,7,13,7.1
tt11008030,6,7,3.8
tt11008030,5,3,1.6
tt11008030,4,1,0.5
tt11008030,3,1,0.5
tt11008030,2,1,0.5
tt11008030,1,2,1.1
tt11008032,10,56,31.6
tt11008032,9,39,22.0
tt11008032,8,52,29.4
tt11008032,7,18,10.2
tt11008032,6,6,3.4
tt11008032,5,3,1.7
tt11008032,4,0,0.0
tt11008032,3,0,0.0
tt11008032,2,1,0.6
tt11008032,1,2,1.1
tt11008034,10,51,29.0
tt11008034,9,39,22.2
tt11008034,8,45,25.6
tt11008034,7,17,9.7
tt11008034,6,6,3.4
tt11008034,5,8,4.5
tt11008034,4,1,0.6
tt11008034,3,2,1.1
tt11008034,2,0,0.0
tt11008034,1,7,4.0
tt0629557,10,115,30.1
tt0629557,9,107,28.0
tt0629557,8,92,24.1
tt0629557,7,44,11.5
tt0629557,6,8,2.1
tt0629557,5,8,2.1
tt0629557,4,2,0.5
tt0629557,3,0,0.0
tt0629557,2,1,0.3
tt0629557,1,5,1.3
tt0629506,10,65,22.0
tt0629506,9,77,26.1
tt0629506,8,99,33.6
tt0629506,7,32,10.8
tt0629506,6,12,4.1
tt0629506,5,5,1.7
tt0629506,4,0,0.0
tt0629506,3,1,0.3
tt0629506,2,1,0.3
tt0629506,1,3,1.0
tt0629577,10,57,23.1
tt0629577,9,52,21.1
tt0629577,8,83,33.6
tt0629577,7,35,14.2
tt0629577,6,15,6.1
tt0629577,5,1,0.4
tt0629577,4,0,0.0
tt0629577,3,0,0.0
tt0629577,2,1,0.4
tt0629577,1,3,1.2
tt0629583,10,50,21.4
tt0629583,9,48,20.5
tt0629583,8,79,33.8
tt0629583,7,34,14.5
tt0629583,6,13,5.6
tt0629583,5,2,0.9
tt0629583,4,1,0.4
tt0629583,3,0,0.0
tt0629583,2,3,1.3
tt0629583,1,4,1.7
tt0629547,10,76,28.5
tt0629547,9,58,21.7
tt0629547,8,84,31.5
tt0629547,7,28,10.5
tt0629547,6,13,4.9
tt0629547,5,2,0.7
tt0629547,4,0,0.0
tt0629547,3,0,0.0
tt0629547,2,1,0.4
tt0629547,1,5,1.9
tt0629582,10,56,22.6
tt0629582,9,47,19.0
tt0629582,8,83,33.5
tt0629582,7,39,15.7
tt0629582,6,14,5.6
tt0629582,5,2,0.8
tt0629582,4,1,0.4
tt0629582,3,0,0.0
tt0629582,2,2,0.8
tt0629582,1,4,1.6
tt0629560,10,66,25.8
tt0629560,9,73,28.5
tt0629560,8,73,28.5
tt0629560,7,27,10.5
tt0629560,6,8,3.1
tt0629560,5,4,1.6
tt0629560,4,0,0.0
tt0629560,3,0,0.0
tt0629560,2,1,0.4
tt0629560,1,4,1.6
tt0629588,10,42,19.7
tt0629588,9,29,13.6
tt0629588,8,81,38.0
tt0629588,7,33,15.5
tt0629588,6,16,7.5
tt0629588,5,6,2.8
tt0629588,4,2,0.9
tt0629588,3,0,0.0
tt0629588,2,1,0.5
tt0629588,1,3,1.4
tt0629586,10,60,23.7
tt0629586,9,61,24.1
tt0629586,8,85,33.6
tt0629586,7,21,8.3
tt0629586,6,18,7.1
tt0629586,5,3,1.2
tt0629586,4,0,0.0
tt0629586,3,0,0.0
tt0629586,2,1,0.4
tt0629586,1,4,1.6
tt0629528,10,46,20.6
tt0629528,9,36,16.1
tt0629528,8,85,38.1
tt0629528,7,32,14.3
tt0629528,6,15,6.7
tt0629528,5,3,1.3
tt0629528,4,1,0.4
tt0629528,3,0,0.0
tt0629528,2,1,0.4
tt0629528,1,4,1.8
tt0629592,10,46,19.9
tt0629592,9,29,12.6
tt0629592,8,85,36.8
tt0629592,7,33,14.3
tt0629592,6,17,7.4
tt0629592,5,6,2.6
tt0629592,4,1,0.4
tt0629592,3,1,0.4
tt0629592,2,3,1.3
tt0629592,1,10,4.3
tt0629521,10,54,22.1
tt0629521,9,49,20.1
tt0629521,8,83,34.0
tt0629521,7,32,13.1
tt0629521,6,10,4.1
tt0629521,5,6,2.5
tt0629521,4,2,0.8
tt0629521,3,2,0.8
tt0629521,2,3,1.2
tt0629521,1,3,1.2
tt0629587,10,42,20.5
tt0629587,9,37,18.0
tt0629587,8,80,39.0
tt0629587,7,29,14.1
tt0629587,6,11,5.4
tt0629587,5,1,0.5
tt0629587,4,1,0.5
tt0629587,3,0,0.0
tt0629587,2,1,0.5
tt0629587,1,3,1.5
tt0629541,10,72,29.8
tt0629541,9,71,29.3
tt0629541,8,54,22.3
tt0629541,7,27,11.2
tt0629541,6,8,3.3
tt0629541,5,5,2.1
tt0629541,4,0,0.0
tt0629541,3,0,0.0
tt0629541,2,1,0.4
tt0629541,1,4,1.7
tt0629570,10,56,25.5
tt0629570,9,52,23.6
tt0629570,8,68,30.9
tt0629570,7,30,13.6
tt0629570,6,5,2.3
tt0629570,5,5,2.3
tt0629570,4,0,0.0
tt0629570,3,0,0.0
tt0629570,2,1,0.5
tt0629570,1,3,1.4
tt0629559,10,71,26.9
tt0629559,9,66,25.0
tt0629559,8,78,29.5
tt0629559,7,28,10.6
tt0629559,6,9,3.4
tt0629559,5,4,1.5
tt0629559,4,2,0.8
tt0629559,3,0,0.0
tt0629559,2,1,0.4
tt0629559,1,5,1.9
tt0629568,10,53,23.8
tt0629568,9,51,22.9
tt0629568,8,70,31.4
tt0629568,7,29,13.0
tt0629568,6,10,4.5
tt0629568,5,3,1.3
tt0629568,4,3,1.3
tt0629568,3,0,0.0
tt0629568,2,1,0.4
tt0629568,1,3,1.3
tt0629603,10,41,19.1
tt0629603,9,47,21.9
tt0629603,8,65,30.2
tt0629603,7,37,17.2
tt0629603,6,13,6.0
tt0629603,5,5,2.3
tt0629603,4,2,0.9
tt0629603,3,1,0.5
tt0629603,2,1,0.5
tt0629603,1,3,1.4
tt0629551,10,48,22.3
tt0629551,9,41,19.1
tt0629551,8,68,31.6
tt0629551,7,32,14.9
tt0629551,6,16,7.4
tt0629551,5,5,2.3
tt0629551,4,0,0.0
tt0629551,3,0,0.0
tt0629551,2,2,0.9
tt0629551,1,3,1.4
tt0629507,10,90,33.6
tt0629507,9,78,29.1
tt0629507,8,61,22.8
tt0629507,7,27,10.1
tt0629507,6,3,1.1
tt0629507,5,4,1.5
tt0629507,4,0,0.0
tt0629507,3,0,0.0
tt0629507,2,1,0.4
tt0629507,1,4,1.5
tt0629532,10,60,24.3
tt0629532,9,64,25.9
tt0629532,8,63,25.5
tt0629532,7,32,13.0
tt0629532,6,18,7.3
tt0629532,5,4,1.6
tt0629532,4,0,0.0
tt0629532,3,0,0.0
tt0629532,2,2,0.8
tt0629532,1,4,1.6
tt0629595,10,59,25.8
tt0629595,9,56,24.5
tt0629595,8,62,27.1
tt0629595,7,25,10.9
tt0629595,6,14,6.1
tt0629595,5,1,0.4
tt0629595,4,5,2.2
tt0629595,3,0,0.0
tt0629595,2,4,1.7
tt0629595,1,3,1.3
tt0629524,10,74,30.3
tt0629524,9,71,29.1
tt0629524,8,62,25.4
tt0629524,7,25,10.2
tt0629524,6,6,2.5
tt0629524,5,1,0.4
tt0629524,4,0,0.0
tt0629524,3,0,0.0
tt0629524,2,1,0.4
tt0629524,1,4,1.6
tt0629512,10,62,26.4
tt0629512,9,55,23.4
tt0629512,8,57,24.3
tt0629512,7,35,14.9
tt0629512,6,16,6.8
tt0629512,5,4,1.7
tt0629512,4,0,0.0
tt0629512,3,0,0.0
tt0629512,2,1,0.4
tt0629512,1,5,2.1
tt0629505,10,131,40.7
tt0629505,9,100,31.1
tt0629505,8,55,17.1
tt0629505,7,13,4.0
tt0629505,6,9,2.8
tt0629505,5,4,1.2
tt0629505,4,4,1.2
tt0629505,3,0,0.0
tt0629505,2,2,0.6
tt0629505,1,4,1.2
tt0629510,10,53,23.7
tt0629510,9,60,26.8
tt0629510,8,67,29.9
tt0629510,7,28,12.5
tt0629510,6,7,3.1
tt0629510,5,1,0.4
tt0629510,4,1,0.4
tt0629510,3,1,0.4
tt0629510,2,2,0.9
tt0629510,1,4,1.8
tt0629515,10,45,21.1
tt0629515,9,27,12.7
tt0629515,8,77,36.2
tt0629515,7,39,18.3
tt0629515,6,13,6.1
tt0629515,5,3,1.4
tt0629515,4,2,0.9
tt0629515,3,2,0.9
tt0629515,2,2,0.9
tt0629515,1,3,1.4
tt0629552,10,49,23.8
tt0629552,9,39,18.9
tt0629552,8,69,33.5
tt0629552,7,27,13.1
tt0629552,6,12,5.8
tt0629552,5,4,1.9
tt0629552,4,0,0.0
tt0629552,3,0,0.0
tt0629552,2,1,0.5
tt0629552,1,5,2.4
tt0629594,10,88,33.8
tt0629594,9,60,23.1
tt0629594,8,61,23.5
tt0629594,7,29,11.2
tt0629594,6,12,4.6
tt0629594,5,2,0.8
tt0629594,4,1,0.4
tt0629594,3,1,0.4
tt0629594,2,2,0.8
tt0629594,1,4,1.5
tt0629589,10,59,27.1
tt0629589,9,29,13.3
tt0629589,8,70,32.1
tt0629589,7,39,17.9
tt0629589,6,12,5.5
tt0629589,5,2,0.9
tt0629589,4,2,0.9
tt0629589,3,0,0.0
tt0629589,2,1,0.5
tt0629589,1,4,1.8
tt0629572,10,51,23.6
tt0629572,9,31,14.4
tt0629572,8,76,35.2
tt0629572,7,35,16.2
tt0629572,6,13,6.0
tt0629572,5,3,1.4
tt0629572,4,1,0.5
tt0629572,3,0,0.0
tt0629572,2,2,0.9
tt0629572,1,4,1.9
tt0629518,10,41,19.5
tt0629518,9,29,13.8
tt0629518,8,77,36.7
tt0629518,7,41,19.5
tt0629518,6,15,7.1
tt0629518,5,2,1.0
tt0629518,4,0,0.0
tt0629518,3,0,0.0
tt0629518,2,1,0.5
tt0629518,1,4,1.9
tt0629508,10,52,24.5
tt0629508,9,35,16.5
tt0629508,8,77,36.3
tt0629508,7,34,16.0
tt0629508,6,7,3.3
tt0629508,5,1,0.5
tt0629508,4,0,0.0
tt0629508,3,0,0.0
tt0629508,2,2,0.9
tt0629508,1,4,1.9
tt0629581,10,61,28.1
tt0629581,9,45,20.7
tt0629581,8,61,28.1
tt0629581,7,34,15.7
tt0629581,6,7,3.2
tt0629581,5,4,1.8
tt0629581,4,0,0.0
tt0629581,3,0,0.0
tt0629581,2,1,0.5
tt0629581,1,4,1.8
tt0629567,10,59,29.5
tt0629567,9,45,22.5
tt0629567,8,58,29.0
tt0629567,7,23,11.5
tt0629567,6,5,2.5
tt0629567,5,5,2.5
tt0629567,4,0,0.0
tt0629567,3,0,0.0
tt0629567,2,1,0.5
tt0629567,1,4,2.0
tt0629563,10,103,39.2
tt0629563,9,73,27.8
tt0629563,8,46,17.5
tt0629563,7,26,9.9
tt0629563,6,6,2.3
tt0629563,5,2,0.8
tt0629563,4,1,0.4
tt0629563,3,0,0.0
tt0629563,2,1,0.4
tt0629563,1,5,1.9
tt0629554,10,49,22.7
tt0629554,9,54,25.0
tt0629554,8,59,27.3
tt0629554,7,35,16.2
tt0629554,6,10,4.6
tt0629554,5,2,0.9
tt0629554,4,0,0.0
tt0629554,3,1,0.5
tt0629554,2,1,0.5
tt0629554,1,5,2.3
tt0629522,10,46,22.1
tt0629522,9,53,25.5
tt0629522,8,57,27.4
tt0629522,7,32,15.4
tt0629522,6,11,5.3
tt0629522,5,2,1.0
tt0629522,4,1,0.5
tt0629522,3,0,0.0
tt0629522,2,1,0.5
tt0629522,1,5,2.4
tt0629516,10,46,23.5
tt0629516,9,36,18.4
tt0629516,8,64,32.7
tt0629516,7,31,15.8
tt0629516,6,14,7.1
tt0629516,5,0,0.0
tt0629516,4,0,0.0
tt0629516,3,1,0.5
tt0629516,2,1,0.5
tt0629516,1,3,1.5
tt0629548,10,42,22.0
tt0629548,9,41,21.5
tt0629548,8,57,29.8
tt0629548,7,31,16.2
tt0629548,6,11,5.8
tt0629548,5,1,0.5
tt0629548,4,0,0.0
tt0629548,3,1,0.5
tt0629548,2,1,0.5
tt0629548,1,6,3.1
tt0629514,10,61,28.0
tt0629514,9,61,28.0
tt0629514,8,59,27.1
tt0629514,7,23,10.6
tt0629514,6,7,3.2
tt0629514,5,1,0.5
tt0629514,4,0,0.0
tt0629514,3,0,0.0
tt0629514,2,2,0.9
tt0629514,1,4,1.8
tt0629511,10,53,27.2
tt0629511,9,42,21.5
tt0629511,8,53,27.2
tt0629511,7,29,14.9
tt0629511,6,10,5.1
tt0629511,5,2,1.0
tt0629511,4,0,0.0
tt0629511,3,0,0.0
tt0629511,2,2,1.0
tt0629511,1,4,2.1
tt0629537,10,48,24.7
tt0629537,9,46,23.7
tt0629537,8,50,25.8
tt0629537,7,33,17.0
tt0629537,6,11,5.7
tt0629537,5,2,1.0
tt0629537,4,0,0.0
tt0629537,3,0,0.0
tt0629537,2,1,0.5
tt0629537,1,3,1.5
tt0629604,10,61,27.2
tt0629604,9,57,25.4
tt0629604,8,66,29.5
tt0629604,7,23,10.3
tt0629604,6,11,4.9
tt0629604,5,1,0.4
tt0629604,4,0,0.0
tt0629604,3,0,0.0
tt0629604,2,1,0.4
tt0629604,1,4,1.8
tt0629503,10,95,38.9
tt0629503,9,76,31.1
tt0629503,8,43,17.6
tt0629503,7,15,6.1
tt0629503,6,7,2.9
tt0629503,5,0,0.0
tt0629503,4,0,0.0
tt0629503,3,0,0.0
tt0629503,2,3,1.2
tt0629503,1,5,2.0
tt0629597,10,57,27.1
tt0629597,9,51,24.3
tt0629597,8,57,27.1
tt0629597,7,31,14.8
tt0629597,6,7,3.3
tt0629597,5,2,1.0
tt0629597,4,1,0.5
tt0629597,3,0,0.0
tt0629597,2,1,0.5
tt0629597,1,3,1.4
tt0629535,10,41,21.9
tt0629535,9,30,16.0
tt0629535,8,56,29.9
tt0629535,7,38,20.3
tt0629535,6,13,7.0
tt0629535,5,4,2.1
tt0629535,4,0,0.0
tt0629535,3,0,0.0
tt0629535,2,1,0.5
tt0629535,1,4,2.1
tt0629584,10,43,22.3
tt0629584,9,28,14.5
tt0629584,8,64,33.2
tt0629584,7,36,18.7
tt0629584,6,9,4.7
tt0629584,5,7,3.6
tt0629584,4,1,0.5
tt0629584,3,1,0.5
tt0629584,2,1,0.5
tt0629584,1,3,1.6
tt0629513,10,58,28.0
tt0629513,9,74,35.7
tt0629513,8,40,19.3
tt0629513,7,26,12.6
tt0629513,6,4,1.9
tt0629513,5,1,0.5
tt0629513,4,0,0.0
tt0629513,3,0,0.0
tt0629513,2,1,0.5
tt0629513,1,3,1.4
tt0629561,10,42,21.8
tt0629561,9,31,16.1
tt0629561,8,67,34.7
tt0629561,7,35,18.1
tt0629561,6,11,5.7
tt0629561,5,2,1.0
tt0629561,4,1,0.5
tt0629561,3,0,0.0
tt0629561,2,1,0.5
tt0629561,1,3,1.6
tt0629579,10,57,27.3
tt0629579,9,59,28.2
tt0629579,8,52,24.9
tt0629579,7,22,10.5
tt0629579,6,10,4.8
tt0629579,5,1,0.5
tt0629579,4,0,0.0
tt0629579,3,1,0.5
tt0629579,2,2,1.0
tt0629579,1,5,2.4
tt0629502,10,55,26.4
tt0629502,9,46,22.1
tt0629502,8,56,26.9
tt0629502,7,31,14.9
tt0629502,6,10,4.8
tt0629502,5,4,1.9
tt0629502,4,1,0.5
tt0629502,3,0,0.0
tt0629502,2,2,1.0
tt0629502,1,3,1.4
tt0629578,10,70,32.6
tt0629578,9,61,28.4
tt0629578,8,42,19.5
tt0629578,7,24,11.2
tt0629578,6,10,4.7
tt0629578,5,2,0.9
tt0629578,4,0,0.0
tt0629578,3,0,0.0
tt0629578,2,1,0.5
tt0629578,1,5,2.3
tt0629540,10,50,25.4
tt0629540,9,36,18.3
tt0629540,8,63,32.0
tt0629540,7,32,16.2
tt0629540,6,8,4.1
tt0629540,5,2,1.0
tt0629540,4,1,0.5
tt0629540,3,1,0.5
tt0629540,2,1,0.5
tt0629540,1,3,1.5
tt0629531,10,45,24.2
tt0629531,9,24,12.9
tt0629531,8,60,32.3
tt0629531,7,35,18.8
tt0629531,6,11,5.9
tt0629531,5,3,1.6
tt0629531,4,2,1.1
tt0629531,3,1,0.5
tt0629531,2,1,0.5
tt0629531,1,4,2.2
tt0629549,10,39,19.8
tt0629549,9,26,13.2
tt0629549,8,62,31.5
tt0629549,7,41,20.8
tt0629549,6,15,7.6
tt0629549,5,4,2.0
tt0629549,4,2,1.0
tt0629549,3,0,0.0
tt0629549,2,2,1.0
tt0629549,1,6,3.0
tt0629598,10,51,26.2
tt0629598,9,24,12.3
tt0629598,8,59,30.3
tt0629598,7,34,17.4
tt0629598,6,16,8.2
tt0629598,5,3,1.5
tt0629598,4,2,1.0
tt0629598,3,2,1.0
tt0629598,2,1,0.5
tt0629598,1,3,1.5
tt0629558,10,46,22.9
tt0629558,9,35,17.4
tt0629558,8,68,33.8
tt0629558,7,35,17.4
tt0629558,6,10,5.0
tt0629558,5,2,1.0
tt0629558,4,0,0.0
tt0629558,3,0,0.0
tt0629558,2,2,1.0
tt0629558,1,3,1.5
tt0629553,10,44,24.3
tt0629553,9,44,24.3
tt0629553,8,49,27.1
tt0629553,7,30,16.6
tt0629553,6,7,3.9
tt0629553,5,2,1.1
tt0629553,4,1,0.6
tt0629553,3,0,0.0
tt0629553,2,1,0.6
tt0629553,1,3,1.7
tt0629574,10,61,27.2
tt0629574,9,53,23.7
tt0629574,8,58,25.9
tt0629574,7,29,12.9
tt0629574,6,10,4.5
tt0629574,5,5,2.2
tt0629574,4,1,0.4
tt0629574,3,1,0.4
tt0629574,2,1,0.4
tt0629574,1,5,2.2
tt0629591,10,75,32.9
tt0629591,9,40,17.5
tt0629591,8,66,28.9
tt0629591,7,29,12.7
tt0629591,6,9,3.9
tt0629591,5,3,1.3
tt0629591,4,1,0.4
tt0629591,3,1,0.4
tt0629591,2,1,0.4
tt0629591,1,3,1.3
tt0629519,10,46,24.2
tt0629519,9,27,14.2
tt0629519,8,67,35.3
tt0629519,7,33,17.4
tt0629519,6,10,5.3
tt0629519,5,1,0.5
tt0629519,4,1,0.5
tt0629519,3,0,0.0
tt0629519,2,1,0.5
tt0629519,1,4,2.1
tt0629542,10,35,19.8
tt0629542,9,32,18.1
tt0629542,8,53,29.9
tt0629542,7,33,18.6
tt0629542,6,11,6.2
tt0629542,5,3,1.7
tt0629542,4,1,0.6
tt0629542,3,2,1.1
tt0629542,2,2,1.1
tt0629542,1,5,2.8
tt0629534,10,37,20.1
tt0629534,9,43,23.4
tt0629534,8,62,33.7
tt0629534,7,28,15.2
tt0629534,6,4,2.2
tt0629534,5,0,0.0
tt0629534,4,3,1.6
tt0629534,3,1,0.5
tt0629534,2,1,0.5
tt0629534,1,5,2.7
tt0629523,10,48,25.7
tt0629523,9,52,27.8
tt0629523,8,54,28.9
tt0629523,7,28,15.0
tt0629523,6,1,0.5
tt0629523,5,0,0.0
tt0629523,4,0,0.0
tt0629523,3,0,0.0
tt0629523,2,1,0.5
tt0629523,1,3,1.6
tt0629520,10,51,26.4
tt0629520,9,53,27.5
tt0629520,8,52,26.9
tt0629520,7,24,12.4
tt0629520,6,6,3.1
tt0629520,5,2,1.0
tt0629520,4,0,0.0
tt0629520,3,1,0.5
tt0629520,2,1,0.5
tt0629520,1,3,1.6
tt0629569,10,67,31.2
tt0629569,9,36,16.7
tt0629569,8,57,26.5
tt0629569,7,30,14.0
tt0629569,6,16,7.4
tt0629569,5,1,0.5
tt0629569,4,2,0.9
tt0629569,3,1,0.5
tt0629569,2,1,0.5
tt0629569,1,4,1.9
tt0629590,10,36,20.7
tt0629590,9,32,18.4
tt0629590,8,53,30.5
tt0629590,7,36,20.7
tt0629590,6,7,4.0
tt0629590,5,3,1.7
tt0629590,4,2,1.1
tt0629590,3,0,0.0
tt0629590,2,2,1.1
tt0629590,1,3,1.7
tt0629600,10,105,39.2
tt0629600,9,63,23.5
tt0629600,8,53,19.8
tt0629600,7,26,9.7
tt0629600,6,9,3.4
tt0629600,5,5,1.9
tt0629600,4,0,0.0
tt0629600,3,1,0.4
tt0629600,2,1,0.4
tt0629600,1,5,1.9
tt0629538,10,71,35.1
tt0629538,9,50,24.8
tt0629538,8,48,23.8
tt0629538,7,11,5.4
tt0629538,6,6,3.0
tt0629538,5,5,2.5
tt0629538,4,2,1.0
tt0629538,3,2,1.0
tt0629538,2,3,1.5
tt0629538,1,4,2.0
tt0629529,10,33,17.5
tt0629529,9,20,10.6
tt0629529,8,59,31.2
tt0629529,7,42,22.2
tt0629529,6,17,9.0
tt0629529,5,6,3.2
tt0629529,4,2,1.1
tt0629529,3,0,0.0
tt0629529,2,4,2.1
tt0629529,1,6,3.2
tt0629543,10,42,23.1
tt0629543,9,33,18.1
tt0629543,8,52,28.6
tt0629543,7,32,17.6
tt0629543,6,10,5.5
tt0629543,5,5,2.7
tt0629543,4,1,0.5
tt0629543,3,1,0.5
tt0629543,2,1,0.5
tt0629543,1,5,2.7
tt0629550,10,60,28.2
tt0629550,9,54,25.4
tt0629550,8,58,27.2
tt0629550,7,19,8.9
tt0629550,6,11,5.2
tt0629550,5,2,0.9
tt0629550,4,1,0.5
tt0629550,3,2,0.9
tt0629550,2,1,0.5
tt0629550,1,5,2.3
tt0629575,10,46,22.4
tt0629575,9,36,17.6
tt0629575,8,73,35.6
tt0629575,7,29,14.1
tt0629575,6,8,3.9
tt0629575,5,5,2.4
tt0629575,4,2,1.0
tt0629575,3,0,0.0
tt0629575,2,1,0.5
tt0629575,1,5,2.4
tt0629546,10,44,21.3
tt0629546,9,46,22.2
tt0629546,8,68,32.9
tt0629546,7,25,12.1
tt0629546,6,12,5.8
tt0629546,5,2,1.0
tt0629546,4,1,0.5
tt0629546,3,2,1.0
tt0629546,2,3,1.4
tt0629546,1,4,1.9
tt0629599,10,37,18.2
tt0629599,9,23,11.3
tt0629599,8,73,36.0
tt0629599,7,37,18.2
tt0629599,6,16,7.9
tt0629599,5,9,4.4
tt0629599,4,1,0.5
tt0629599,3,1,0.5
tt0629599,2,2,1.0
tt0629599,1,4,2.0
tt0629536,10,41,22.5
tt0629536,9,24,13.2
tt0629536,8,58,31.9
tt0629536,7,35,19.2
tt0629536,6,15,8.2
tt0629536,5,2,1.1
tt0629536,4,1,0.5
tt0629536,3,1,0.5
tt0629536,2,2,1.1
tt0629536,1,3,1.6
tt0629517,10,42,22.1
tt0629517,9,30,15.8
tt0629517,8,61,32.1
tt0629517,7,33,17.4
tt0629517,6,15,7.9
tt0629517,5,2,1.1
tt0629517,4,0,0.0
tt0629517,3,1,0.5
tt0629517,2,3,1.6
tt0629517,1,3,1.6
tt0629580,10,73,32.6
tt0629580,9,61,27.2
tt0629580,8,51,22.8
tt0629580,7,19,8.5
tt0629580,6,8,3.6
tt0629580,5,3,1.3
tt0629580,4,1,0.4
tt0629580,3,0,0.0
tt0629580,2,1,0.4
tt0629580,1,7,3.1
tt0629571,10,43,22.4
tt0629571,9,32,16.7
tt0629571,8,59,30.7
tt0629571,7,35,18.2
tt0629571,6,8,4.2
tt0629571,5,4,2.1
tt0629571,4,6,3.1
tt0629571,3,0,0.0
tt0629571,2,1,0.5
tt0629571,1,4,2.1
tt0629525,10,54,26.3
tt0629525,9,46,22.4
tt0629525,8,67,32.7
tt0629525,7,25,12.2
tt0629525,6,5,2.4
tt0629525,5,2,1.0
tt0629525,4,0,0.0
tt0629525,3,0,0.0
tt0629525,2,2,1.0
tt0629525,1,4,2.0
tt0629530,10,40,24.4
tt0629530,9,24,14.6
tt0629530,8,52,31.7
tt0629530,7,33,20.1
tt0629530,6,8,4.9
tt0629530,5,2,1.2
tt0629530,4,1,0.6
tt0629530,3,0,0.0
tt0629530,2,1,0.6
tt0629530,1,3,1.8
tt0629573,10,60,30.6
tt0629573,9,43,21.9
tt0629573,8,56,28.6
tt0629573,7,20,10.2
tt0629573,6,6,3.1
tt0629573,5,4,2.0
tt0629573,4,1,0.5
tt0629573,3,0,0.0
tt0629573,2,2,1.0
tt0629573,1,4,2.0
tt0629585,10,48,25.4
tt0629585,9,44,23.3
tt0629585,8,57,30.2
tt0629585,7,27,14.3
tt0629585,6,5,2.6
tt0629585,5,3,1.6
tt0629585,4,1,0.5
tt0629585,3,0,0.0
tt0629585,2,1,0.5
tt0629585,1,3,1.6
tt0629509,10,52,27.7
tt0629509,9,38,20.2
tt0629509,8,47,25.0
tt0629509,7,36,19.1
tt0629509,6,10,5.3
tt0629509,5,0,0.0
tt0629509,4,1,0.5
tt0629509,3,0,0.0
tt0629509,2,1,0.5
tt0629509,1,3,1.6
tt0629556,10,38,22.0
tt0629556,9,27,15.6
tt0629556,8,59,34.1
tt0629556,7,28,16.2
tt0629556,6,15,8.7
tt0629556,5,2,1.2
tt0629556,4,0,0.0
tt0629556,3,0,0.0
tt0629556,2,1,0.6
tt0629556,1,3,1.7
tt0629593,10,48,23.9
tt0629593,9,35,17.4
tt0629593,8,67,33.3
tt0629593,7,31,15.4
tt0629593,6,11,5.5
tt0629593,5,2,1.0
tt0629593,4,2,1.0
tt0629593,3,0,0.0
tt0629593,2,1,0.5
tt0629593,1,4,2.0
tt0629555,10,48,26.2
tt0629555,9,43,23.5
tt0629555,8,50,27.3
tt0629555,7,28,15.3
tt0629555,6,6,3.3
tt0629555,5,4,2.2
tt0629555,4,0,0.0
tt0629555,3,0,0.0
tt0629555,2,1,0.5
tt0629555,1,3,1.6
tt0629533,10,30,18.0
tt0629533,9,25,15.0
tt0629533,8,53,31.7
tt0629533,7,35,21.0
tt0629533,6,11,6.6
tt0629533,5,1,0.6
tt0629533,4,3,1.8
tt0629533,3,2,1.2
tt0629533,2,1,0.6
tt0629533,1,6,3.6
tt0629539,10,86,35.4
tt0629539,9,63,25.9
tt0629539,8,53,21.8
tt0629539,7,20,8.2
tt0629539,6,5,2.1
tt0629539,5,7,2.9
tt0629539,4,1,0.4
tt0629539,3,1,0.4
tt0629539,2,1,0.4
tt1893987,7,24,15.7
tt1893987,6,9,5.9
tt1893987,5,4,2.6
tt1893987,4,0,0.0
tt1893987,3,0,0.0
tt1893987,2,1,0.7
tt1893987,1,4,2.6
tt1940725,10,30,19.7
tt1940725,9,31,20.4
tt1940725,8,46,30.3
tt1940725,7,25,16.4
tt1940725,6,9,5.9
tt1940725,5,3,2.0
tt1940725,4,0,0.0
tt1940725,3,0,0.0
tt1940725,2,3,2.0
tt1940725,1,5,3.3
tt1942450,10,71,36.0
tt1942450,9,42,21.3
tt1942450,8,44,22.3
tt1942450,7,23,11.7
tt1942450,6,9,4.6
tt1942450,5,2,1.0
tt1942450,4,0,0.0
tt1942450,3,0,0.0
tt1942450,2,2,1.0
tt1942450,1,4,2.0
tt0629767,10,16,29.6
tt0629767,9,5,9.3
tt0629767,8,14,25.9
tt0629767,7,7,13.0
tt0629767,6,8,14.8
tt0629767,5,3,5.6
tt0629767,4,0,0.0
tt0629767,3,1,1.9
tt0629767,2,0,0.0
tt0629767,1,0,0.0
tt0629758,10,6,12.5
tt0629758,9,5,10.4
tt0629758,8,10,20.8
tt0629758,7,10,20.8
tt0629758,6,11,22.9
tt0629758,5,2,4.2
tt0629758,4,2,4.2
tt0629758,3,1,2.1
tt0629758,2,0,0.0
tt0629758,1,1,2.1
tt0629770,10,8,18.2
tt0629770,9,5,11.4
tt0629770,8,11,25.0
tt0629770,7,10,22.7
tt0629770,6,7,15.9
tt0629770,5,1,2.3
tt0629770,4,0,0.0
tt0629770,3,0,0.0
tt0629770,2,0,0.0
tt0629770,1,2,4.5
tt0629769,10,9,22.5
tt0629769,9,6,15.0
tt0629769,8,12,30.0
tt0629769,7,4,10.0
tt0629769,6,5,12.5
tt0629769,5,1,2.5
tt0629769,4,1,2.5
tt0629769,3,2,5.0
tt0629769,2,0,0.0
tt0629769,1,0,0.0
tt0629759,10,4,10.5
tt0629759,9,8,21.1
tt0629759,8,7,18.4
tt0629759,7,7,18.4
tt0629759,6,7,18.4
tt0629759,5,5,13.2
tt0629759,4,0,0.0
tt0629759,3,0,0.0
tt0629759,2,0,0.0
tt0629759,1,0,0.0
tt0629765,10,9,22.5
tt0629765,9,4,10.0
tt0629765,8,10,25.0
tt0629765,7,12,30.0
tt0629765,6,5,12.5
tt0629765,5,0,0.0
tt0629765,4,0,0.0
tt0629765,3,0,0.0
tt0629765,2,0,0.0
tt0629765,1,0,0.0
tt0629760,10,10,27.0
tt0629760,9,4,10.8
tt0629760,8,6,16.2
tt0629760,7,8,21.6
tt0629760,6,7,18.9
tt0629760,5,2,5.4
tt0629760,4,0,0.0
tt0629760,3,0,0.0
tt0629760,2,0,0.0
tt0629760,1,0,0.0
tt0629766,10,7,17.9
tt0629766,9,4,10.3
tt0629766,8,9,23.1
tt0629766,7,9,23.1
tt0629766,6,5,12.8
tt0629766,5,4,10.3
tt0629766,4,0,0.0
tt0629766,3,1,2.6
tt0629766,2,0,0.0
tt0629766,1,0,0.0
tt0629768,10,8,24.2
tt0629768,9,4,12.1
tt0629768,8,6,18.2
tt0629768,7,8,24.2
tt0629768,6,7,21.2
tt0629768,5,0,0.0
tt0629768,4,0,0.0
tt0629768,3,0,0.0
tt0629768,2,0,0.0
tt0629768,1,0,0.0
tt0629761,10,6,17.6
tt0629761,9,5,14.7
tt0629761,8,5,14.7
tt0629761,7,7,20.6
tt0629761,6,9,26.5
tt0629761,5,2,5.9
tt0629761,4,0,0.0
tt0629761,3,0,0.0
tt0629761,2,0,0.0
tt0629761,1,0,0.0
tt0629763,10,20,32.8
tt0629763,9,13,21.3
tt0629763,8,13,21.3
tt0629763,7,11,18.0
tt0629763,6,3,4.9
tt0629763,5,0,0.0
tt0629763,4,1,1.6
tt0629763,3,0,0.0
tt0629763,2,0,0.0
tt0629763,1,0,0.0
tt0629762,10,8,8.4
tt0629762,9,8,8.4
tt0629762,8,10,10.5
tt0629762,7,11,11.6
tt0629762,6,23,24.2
tt0629762,5,28,29.5
tt0629762,4,0,0.0
tt0629762,3,1,1.1
tt0629762,2,5,5.3
tt0629762,1,1,1.1
tt0629764,10,10,28.6
tt0629764,9,6,17.1
tt0629764,8,2,5.7
tt0629764,7,9,25.7
tt0629764,6,6,17.1
tt0629764,5,1,2.9
tt0629764,4,0,0.0
tt0629764,3,0,0.0
tt0629764,2,0,0.0
tt0629764,1,1,2.9
tt6500266,10,46,20.4
tt6500266,9,31,13.8
tt6500266,8,66,29.3
tt6500266,7,42,18.7
tt6500266,6,17,7.6
tt6500266,5,14,6.2
tt6500266,4,5,2.2
tt6500266,3,1,0.4
tt6500266,2,1,0.4
tt6500266,1,2,0.9
tt6551092,10,40,23.1
tt6551092,9,28,16.2
tt6551092,8,56,32.4
tt6551092,7,25,14.5
tt6551092,6,13,7.5
tt6551092,5,5,2.9
tt6551092,4,4,2.3
tt6551092,3,1,0.6
tt6551092,2,1,0.6
tt6551092,1,0,0.0
tt6551098,10,41,27.9
tt6551098,9,20,13.6
tt6551098,8,45,30.6
tt6551098,7,25,17.0
tt6551098,6,8,5.4
tt6551098,5,3,2.0
tt6551098,4,3,2.0
tt6551098,3,1,0.7
tt6551098,2,1,0.7
tt6551098,1,0,0.0
tt6723458,10,32,23.7
tt6723458,9,21,15.6
tt6723458,8,42,31.1
tt6723458,7,24,17.8
tt6723458,6,5,3.7
tt6723458,5,3,2.2
tt6723458,4,3,2.2
tt6723458,3,3,2.2
tt6723458,2,1,0.7
tt6723458,1,1,0.7
tt6723464,10,35,28.0
tt6723464,9,22,17.6
tt6723464,8,38,30.4
tt6723464,7,16,12.8
tt6723464,6,6,4.8
tt6723464,5,1,0.8
tt6723464,4,1,0.8
tt6723464,3,4,3.2
tt6723464,2,2,1.6
tt6723464,1,0,0.0
tt6723466,10,40,32.8
tt6723466,9,20,16.4
tt6723466,8,30,24.6
tt6723466,7,16,13.1
tt6723466,6,3,2.5
tt6723466,5,6,4.9
tt6723466,4,1,0.8
tt6723466,3,4,3.3
tt6723466,2,2,1.6
tt6723466,1,0,0.0
tt6723468,10,29,26.1
tt6723468,9,17,15.3
tt6723468,8,29,26.1
tt6723468,7,20,18.0
tt6723468,6,6,5.4
tt6723468,5,3,2.7
tt6723468,4,2,1.8
tt6723468,3,3,2.7
tt6723468,2,2,1.8
tt6723468,1,0,0.0
tt6722840,10,36,31.9
tt6722840,9,18,15.9
tt6722840,8,29,25.7
tt6722840,7,16,14.2
tt6722840,6,5,4.4
tt6722840,5,1,0.9
tt6722840,4,3,2.7
tt6722840,3,1,0.9
tt6722840,2,2,1.8
tt6722840,1,2,1.8
tt1668996,10,17,13.3
tt1668996,9,14,10.9
tt1668996,8,17,13.3
tt1668996,7,38,29.7
tt1668996,6,18,14.1
tt1668996,5,8,6.2
tt1668996,4,7,5.5
tt1668996,3,2,1.6
tt1668996,2,3,2.3
tt1668996,1,4,3.1
tt1710741,10,20,23.5
tt1710741,9,14,16.5
tt1710741,8,16,18.8
tt1710741,7,20,23.5
tt1710741,6,8,9.4
tt1710741,5,3,3.5
tt1710741,4,0,0.0
tt1710741,3,0,0.0
tt1710741,2,3,3.5
tt1710741,1,1,1.2
tt1720510,10,12,15.8
tt1720510,9,11,14.5
tt1720510,8,20,26.3
tt1720510,7,19,25.0
tt1720510,6,6,7.9
tt1720510,5,5,6.6
tt1720510,4,1,1.3
tt1720510,3,1,1.3
tt1720510,2,0,0.0
tt1720510,1,1,1.3
tt1720513,10,19,26.8
tt1720513,9,13,18.3
tt1720513,8,20,28.2
tt1720513,7,6,8.5
tt1720513,6,4,5.6
tt1720513,5,3,4.2
tt1720513,4,2,2.8
tt1720513,3,0,0.0
tt1720513,2,1,1.4
tt1720513,1,3,4.2
tt1720512,10,12,17.6
tt1720512,9,13,19.1
tt1720512,8,18,26.5
tt1720512,7,14,20.6
tt1720512,6,6,8.8
tt1720512,5,2,2.9
tt1720512,4,1,1.5
tt1720512,3,1,1.5
tt1720512,2,0,0.0
tt1720512,1,1,1.5
tt1720511,10,11,16.7
tt1720511,9,7,10.6
tt1720511,8,23,34.8
tt1720511,7,14,21.2
tt1720511,6,5,7.6
tt1720511,5,2,3.0
tt1720511,4,1,1.5
tt1720511,3,1,1.5
tt1720511,2,0,0.0
tt1720511,1,2,3.0
tt1720509,10,10,14.7
tt1720509,9,14,20.6
tt1720509,8,18,26.5
tt1720509,7,13,19.1
tt1720509,6,6,8.8
tt1720509,5,5,7.4
tt1720509,4,1,1.5
tt1720509,3,0,0.0
tt1720509,2,0,0.0
tt1720509,1,1,1.5
tt1717348,10,10,13.9
tt1717348,9,8,11.1
tt1717348,8,22,30.6
tt1717348,7,16,22.2
tt1717348,6,8,11.1
tt1717348,5,2,2.8
tt1717348,4,2,2.8
tt1717348,3,1,1.4
tt1717348,2,2,2.8
tt1717348,1,1,1.4
tt1750607,10,20,26.3
tt1750607,9,17,22.4
tt1750607,8,15,19.7
tt1750607,7,10,13.2
tt1750607,6,10,13.2
tt1750607,5,1,1.3
tt1750607,4,0,0.0
tt1750607,3,0,0.0
tt1750607,2,1,1.3
tt1750607,1,2,2.6
tt1768943,10,15,20.3
tt1768943,9,11,14.9
tt1768943,8,21,28.4
tt1768943,7,13,17.6
tt1768943,6,8,10.8
tt1768943,5,3,4.1
tt1768943,4,1,1.4
tt1768943,3,0,0.0
tt1768943,2,0,0.0
tt1768943,1,2,2.7
tt1750605,10,5,8.6
tt1750605,9,9,15.5
tt1750605,8,24,41.4
tt1750605,7,10,17.2
tt1750605,6,5,8.6
tt1750605,5,3,5.2
tt1750605,4,0,0.0
tt1750605,3,1,1.7
tt1750605,2,0,0.0
tt1750605,1,1,1.7
tt1834571,10,13,17.8
tt1834571,9,14,19.2
tt1834571,8,17,23.3
tt1834571,7,14,19.2
tt1834571,6,8,11.0
tt1834571,5,2,2.7
tt1834571,4,1,1.4
tt1834571,3,2,2.7
tt1834571,2,0,0.0
tt1834571,1,2,2.7
tt1834020,10,12,23.5
tt1834020,9,12,23.5
tt1834020,8,10,19.6
tt1834020,7,9,17.6
tt1834020,6,5,9.8
tt1834020,5,1,2.0
tt1834020,4,1,2.0
tt1834020,3,0,0.0
tt1834020,2,0,0.0
tt1834020,1,1,2.0
tt1909532,10,9,17.3
tt1909532,9,7,13.5
tt1909532,8,11,21.2
tt1909532,7,14,26.9
tt1909532,6,5,9.6
tt1909532,5,3,5.8
tt1909532,4,1,1.9
tt1909532,3,1,1.9
tt1909532,2,0,0.0
tt1909532,1,1,1.9
tt1878469,10,12,20.3
tt1878469,9,7,11.9
tt1878469,8,12,20.3
tt1878469,7,17,28.8
tt1878469,6,4,6.8
tt1878469,5,4,6.8
tt1878469,4,1,1.7
tt1878469,3,0,0.0
tt1878469,2,1,1.7
tt1878469,1,1,1.7
tt1834019,10,4,8.3
tt1834019,9,7,14.6
tt1834019,8,8,16.7
tt1834019,7,15,31.2
tt1834019,6,8,16.7
tt1834019,5,3,6.2
tt1834019,4,0,0.0
tt1834019,3,0,0.0
tt1834019,2,0,0.0
tt1834019,1,3,6.2
tt1834017,10,13,23.6
tt1834017,9,8,14.5
tt1834017,8,13,23.6
tt1834017,7,7,12.7
tt1834017,6,10,18.2
tt1834017,5,3,5.5
tt1834017,4,1,1.8
tt1834017,3,0,0.0
tt1834017,2,0,0.0
tt1834017,1,0,0.0
tt1750606,10,11,22.0
tt1750606,9,7,14.0
tt1750606,8,10,20.0
tt1750606,7,11,22.0
tt1750606,6,7,14.0
tt1750606,5,1,2.0
tt1750606,4,1,2.0
tt1750606,3,0,0.0
tt1750606,2,0,0.0
tt1750606,1,2,4.0
tt1834018,10,7,12.5
tt1834018,9,6,10.7
tt1834018,8,13,23.2
tt1834018,7,15,26.8
tt1834018,6,10,17.9
tt1834018,5,3,5.4
tt1834018,4,1,1.8
tt1834018,3,0,0.0
tt1834018,2,0,0.0
tt1834018,1,1,1.8
tt1750604,10,11,22.0
tt1750604,9,8,16.0
tt1750604,8,15,30.0
tt1750604,7,9,18.0
tt1750604,6,5,10.0
tt1750604,5,2,4.0
tt1750604,4,0,0.0
tt1750604,3,0,0.0
tt1750604,2,0,0.0
tt1750604,1,0,0.0
tt1875494,10,10,18.5
tt1875494,9,13,24.1
tt1875494,8,7,13.0
tt1875494,7,12,22.2
tt1875494,6,10,18.5
tt1875494,5,1,1.9
tt1875494,4,0,0.0
tt1875494,3,0,0.0
tt1875494,2,0,0.0
tt1875494,1,1,1.9
tt1925050,10,7,16.3
tt1925050,9,7,16.3
tt1925050,8,4,9.3
tt1925050,7,18,41.9
tt1925050,6,6,14.0
tt1925050,5,1,2.3
tt1925050,4,0,0.0
tt1925050,3,0,0.0
tt1925050,2,0,0.0
tt1925050,1,0,0.0
tt0629539,1,6,2.5
tt0629526,10,44,23.4
tt0629526,9,34,18.1
tt0629526,8,63,33.5
tt0629526,7,28,14.9
tt0629526,6,12,6.4
tt0629526,5,2,1.1
tt0629526,4,1,0.5
tt0629526,3,0,0.0
tt0629526,2,1,0.5
tt0629526,1,3,1.6
tt0629562,10,49,25.1
tt0629562,9,42,21.5
tt0629562,8,56,28.7
tt0629562,7,32,16.4
tt0629562,6,9,4.6
tt0629562,5,2,1.0
tt0629562,4,1,0.5
tt0629562,3,0,0.0
tt0629562,2,1,0.5
tt0629562,1,3,1.5
tt0629596,10,32,19.0
tt0629596,9,25,14.9
tt0629596,8,54,32.1
tt0629596,7,33,19.6
tt0629596,6,15,8.9
tt0629596,5,3,1.8
tt0629596,4,0,0.0
tt0629596,3,1,0.6
tt0629596,2,1,0.6
tt0629596,1,4,2.4
tt0629504,10,67,31.9
tt0629504,9,38,18.1
tt0629504,8,55,26.2
tt0629504,7,25,11.9
tt0629504,6,18,8.6
tt0629504,5,2,1.0
tt0629504,4,0,0.0
tt0629504,3,0,0.0
tt0629504,2,2,1.0
tt0629504,1,3,1.4
tt0629544,10,113,42.5
tt0629544,9,64,24.1
tt0629544,8,57,21.4
tt0629544,7,14,5.3
tt0629544,6,6,2.3
tt0629544,5,2,0.8
tt0629544,4,1,0.4
tt0629544,3,1,0.4
tt0629544,2,3,1.1
tt0629544,1,5,1.9
tt0629545,10,102,43.0
tt0629545,9,57,24.1
tt0629545,8,48,20.3
tt0629545,7,17,7.2
tt0629545,6,4,1.7
tt0629545,5,1,0.4
tt0629545,4,2,0.8
tt0629545,3,0,0.0
tt0629545,2,2,0.8
tt0629545,1,4,1.7
tt0629565,10,26,15.3
tt0629565,9,24,14.1
tt0629565,8,56,32.9
tt0629565,7,38,22.4
tt0629565,6,14,8.2
tt0629565,5,6,3.5
tt0629565,4,1,0.6
tt0629565,3,0,0.0
tt0629565,2,2,1.2
tt0629565,1,3,1.8
tt0629566,10,40,20.7
tt0629566,9,28,14.5
tt0629566,8,45,23.3
tt0629566,7,48,24.9
tt0629566,6,12,6.2
tt0629566,5,5,2.6
tt0629566,4,2,1.0
tt0629566,3,2,1.0
tt0629566,2,3,1.6
tt0629566,1,8,4.1
tt0629527,10,28,15.8
tt0629527,9,23,13.0
tt0629527,8,65,36.7
tt0629527,7,38,21.5
tt0629527,6,11,6.2
tt0629527,5,4,2.3
tt0629527,4,3,1.7
tt0629527,3,0,0.0
tt0629527,2,2,1.1
tt0629527,1,3,1.7
tt0629576,10,66,29.2
tt0629576,9,57,25.2
tt0629576,8,63,27.9
tt0629576,7,22,9.7
tt0629576,6,10,4.4
tt0629576,5,3,1.3
tt0629576,4,1,0.4
tt0629576,3,0,0.0
tt0629576,2,1,0.4
tt0629576,1,3,1.3
tt0629602,10,40,21.5
tt0629602,9,34,18.3
tt0629602,8,57,30.6
tt0629602,7,33,17.7
tt0629602,6,13,7.0
tt0629602,5,3,1.6
tt0629602,4,1,0.5
tt0629602,3,0,0.0
tt0629602,2,1,0.5
tt0629602,1,4,2.2
tt0629564,10,46,24.1
tt0629564,9,38,19.9
tt0629564,8,58,30.4
tt0629564,7,24,12.6
tt0629564,6,9,4.7
tt0629564,5,4,2.1
tt0629564,4,4,2.1
tt0629564,3,2,1.0
tt0629564,2,1,0.5
tt0629564,1,5,2.6
tt0629601,10,21,13.5
tt0629601,9,26,16.8
tt0629601,8,53,34.2
tt0629601,7,38,24.5
tt0629601,6,12,7.7
tt0629601,5,1,0.6
tt0629601,4,0,0.0
tt0629601,3,0,0.0
tt0629601,2,1,0.6
tt0629601,1,3,1.9
tt0770583,10,39,19.7
tt0770583,9,40,20.2
tt0770583,8,65,32.8
tt0770583,7,21,10.6
tt0770583,6,18,9.1
tt0770583,5,4,2.0
tt0770583,4,2,1.0
tt0770583,3,1,0.5
tt0770583,2,1,0.5
tt0770583,1,7,3.5
tt0763480,10,29,17.7
tt0763480,9,35,21.3
tt0763480,8,58,35.4
tt0763480,7,23,14.0
tt0763480,6,11,6.7
tt0763480,5,2,1.2
tt0763480,4,1,0.6
tt0763480,3,0,0.0
tt0763480,2,1,0.6
tt0763480,1,4,2.4
tt0770005,10,55,29.1
tt0770005,9,37,19.6
tt0770005,8,53,28.0
tt0770005,7,23,12.2
tt0770005,6,13,6.9
tt0770005,5,2,1.1
tt0770005,4,0,0.0
tt0770005,3,1,0.5
tt0770005,2,3,1.6
tt0770005,1,2,1.1
tt0770006,10,36,19.7
tt0770006,9,34,18.6
tt0770006,8,60,32.8
tt0770006,7,31,16.9
tt0770006,6,11,6.0
tt0770006,5,4,2.2
tt0770006,4,0,0.0
tt0770006,3,0,0.0
tt0770006,2,1,0.5
tt0770006,1,6,3.3
tt0799186,10,69,33.5
tt0799186,9,47,22.8
tt0799186,8,46,22.3
tt0799186,7,28,13.6
tt0799186,6,8,3.9
tt0799186,5,3,1.5
tt0799186,4,0,0.0
tt0799186,3,0,0.0
tt0799186,2,1,0.5
tt0799186,1,4,1.9
tt0805300,10,79,34.1
tt0805300,9,68,29.3
tt0805300,8,43,18.5
tt0805300,7,25,10.8
tt0805300,6,7,3.0
tt0805300,5,1,0.4
tt0805300,4,1,0.4
tt0805300,3,2,0.9
tt0805300,2,2,0.9
tt0805300,1,4,1.7
tt0805299,10,66,31.1
tt0805299,9,45,21.2
tt0805299,8,58,27.4
tt0805299,7,27,12.7
tt0805299,6,7,3.3
tt0805299,5,3,1.4
tt0805299,4,1,0.5
tt0805299,3,0,0.0
tt0805299,2,1,0.5
tt0805299,1,4,1.9
tt0809493,10,37,23.6
tt0809493,9,28,17.8
tt0809493,8,45,28.7
tt0809493,7,29,18.5
tt0809493,6,9,5.7
tt0809493,5,3,1.9
tt0809493,4,1,0.6
tt0809493,3,0,0.0
tt0809493,2,1,0.6
tt0809493,1,4,2.5
tt0861172,10,128,41.6
tt0861172,9,82,26.6
tt0861172,8,50,16.2
tt0861172,7,25,8.1
tt0861172,6,10,3.2
tt0861172,5,3,1.0
tt0861172,4,2,0.6
tt0861172,3,1,0.3
tt0861172,2,1,0.3
tt0861172,1,6,1.9
tt0870430,10,50,22.6
tt0870430,9,35,15.8
tt0870430,8,68,30.8
tt0870430,7,38,17.2
tt0870430,6,16,7.2
tt0870430,5,4,1.8
tt0870430,4,0,0.0
tt0870430,3,2,0.9
tt0870430,2,3,1.4
tt0870430,1,5,2.3
tt0865161,10,54,24.2
tt0865161,9,42,18.8
tt0865161,8,73,32.7
tt0865161,7,27,12.1
tt0865161,6,11,4.9
tt0865161,5,5,2.2
tt0865161,4,0,0.0
tt0865161,3,1,0.4
tt0865161,2,4,1.8
tt0865161,1,6,2.7
tt0877972,10,66,30.3
tt0877972,9,56,25.7
tt0877972,8,56,25.7
tt0877972,7,20,9.2
tt0877972,6,8,3.7
tt0877972,5,3,1.4
tt0877972,4,2,0.9
tt0877972,3,0,0.0
tt0877972,2,2,0.9
tt0877972,1,5,2.3
tt0876809,10,51,23.1
tt0876809,9,52,23.5
tt0876809,8,61,27.6
tt0876809,7,33,14.9
tt0876809,6,14,6.3
tt0876809,5,4,1.8
tt0876809,4,0,0.0
tt0876809,3,2,0.9
tt0876809,2,1,0.5
tt0876809,1,3,1.4
tt0888226,10,68,31.2
tt0888226,9,43,19.7
tt0888226,8,60,27.5
tt0888226,7,31,14.2
tt0888226,6,9,4.1
tt0888226,5,2,0.9
tt0888226,4,0,0.0
tt0888226,3,0,0.0
tt0888226,2,1,0.5
tt0888226,1,4,1.8
tt0888225,10,30,17.4
tt0888225,9,17,9.9
tt0888225,8,56,32.6
tt0888225,7,42,24.4
tt0888225,6,15,8.7
tt0888225,5,3,1.7
tt0888225,4,1,0.6
tt0888225,3,1,0.6
tt0888225,2,3,1.7
tt0888225,1,4,2.3
tt0890484,10,87,34.4
tt0890484,9,57,22.5
tt0890484,8,54,21.3
tt0890484,7,30,11.9
tt0890484,6,9,3.6
tt0890484,5,5,2.0
tt0890484,4,2,0.8
tt0890484,3,0,0.0
tt0890484,2,2,0.8
tt0890484,1,7,2.8
tt0894294,10,45,22.6
tt0894294,9,30,15.1
tt0894294,8,52,26.1
tt0894294,7,38,19.1
tt0894294,6,12,6.0
tt0894294,5,8,4.0
tt0894294,4,5,2.5
tt0894294,3,1,0.5
tt0894294,2,3,1.5
tt0894294,1,5,2.5
tt0891812,10,41,18.4
tt0891812,9,31,13.9
tt0891812,8,63,28.3
tt0891812,7,39,17.5
tt0891812,6,20,9.0
tt0891812,5,11,4.9
tt0891812,4,4,1.8
tt0891812,3,4,1.8
tt0891812,2,4,1.8
tt0891812,1,6,2.7
tt0902660,10,40,22.6
tt0902660,9,29,16.4
tt0902660,8,58,32.8
tt0902660,7,30,16.9
tt0902660,6,7,4.0
tt0902660,5,3,1.7
tt0902660,4,1,0.6
tt0902660,3,1,0.6
tt0902660,2,2,1.1
tt0902660,1,6,3.4
tt0928280,10,55,27.2
tt0928280,9,53,26.2
tt0928280,8,53,26.2
tt0928280,7,25,12.4
tt0928280,6,8,4.0
tt0928280,5,2,1.0
tt0928280,4,1,0.5
tt0928280,3,0,0.0
tt0928280,2,1,0.5
tt0928280,1,4,2.0
tt0922039,10,56,27.3
tt0922039,9,47,22.9
tt0922039,8,61,29.8
tt0922039,7,26,12.7
tt0922039,6,5,2.4
tt0922039,5,2,1.0
tt0922039,4,1,0.5
tt0922039,3,0,0.0
tt0922039,2,1,0.5
tt0922039,1,6,2.9
tt0964315,10,24,13.0
tt0964315,9,34,18.5
tt0964315,8,55,29.9
tt0964315,7,37,20.1
tt0964315,6,14,7.6
tt0964315,5,9,4.9
tt0964315,4,2,1.1
tt0964315,3,2,1.1
tt0964315,2,1,0.5
tt0964315,1,6,3.3
tt0966156,10,51,25.9
tt0966156,9,34,17.3
tt0966156,8,57,28.9
tt0966156,7,35,17.8
tt0966156,6,8,4.1
tt0966156,5,4,2.0
tt0966156,4,0,0.0
tt0966156,3,1,0.5
tt0966156,2,2,1.0
tt0966156,1,5,2.5
tt0960486,10,34,19.9
tt0960486,9,28,16.4
tt0960486,8,56,32.7
tt0960486,7,30,17.5
tt0960486,6,10,5.8
tt0960486,5,5,2.9
tt0960486,4,1,0.6
tt0960486,3,0,0.0
tt0960486,2,2,1.2
tt0960486,1,5,2.9
tt0975310,10,39,22.7
tt0975310,9,29,16.9
tt0975310,8,63,36.6
tt0975310,7,29,16.9
tt0975310,6,5,2.9
tt0975310,5,1,0.6
tt0975310,4,0,0.0
tt0975310,3,1,0.6
tt0975310,2,2,1.2
tt0975310,1,3,1.7
tt0971787,10,49,23.9
tt0971787,9,37,18.0
tt0971787,8,61,29.8
tt0971787,7,34,16.6
tt0971787,6,7,3.4
tt0971787,5,4,2.0
tt0971787,4,4,2.0
tt0971787,3,0,0.0
tt0971787,2,2,1.0
tt0971787,1,7,3.4
tt1008354,10,33,18.6
tt1008354,9,34,19.2
tt1008354,8,49,27.7
tt1008354,7,38,21.5
tt1008354,6,15,8.5
tt1008354,5,1,0.6
tt1008354,4,1,0.6
tt1008354,3,1,0.6
tt1008354,2,2,1.1
tt1008354,1,3,1.7
tt1015025,10,31,16.4
tt1015025,9,21,11.1
tt1015025,8,57,30.2
tt1015025,7,36,19.0
tt1015025,6,23,12.2
tt1015025,5,7,3.7
tt1015025,4,4,2.1
tt1015025,3,1,0.5
tt1015025,2,3,1.6
tt1015025,1,6,3.2
tt1031814,10,209,56.0
tt1031814,9,95,25.5
tt1031814,8,29,7.8
tt1031814,7,13,3.5
tt1031814,6,8,2.1
tt1031814,5,5,1.3
tt1031814,4,0,0.0
tt1031814,3,0,0.0
tt1031814,2,3,0.8
tt1031814,1,11,2.9
tt1036143,10,56,26.7
tt1036143,9,64,30.5
tt1036143,8,53,25.2
tt1036143,7,25,11.9
tt1036143,6,1,0.5
tt1036143,5,3,1.4
tt1036143,4,1,0.5
tt1036143,3,2,1.0
tt1036143,2,1,0.5
tt1036143,1,4,1.9
tt1031382,10,93,39.6
tt1031382,9,66,28.1
tt1031382,8,43,18.3
tt1031382,7,19,8.1
tt1031382,6,2,0.9
tt1031382,5,0,0.0
tt1031382,4,2,0.9
tt1031382,3,0,0.0
tt1031382,2,3,1.3
tt1031382,1,7,3.0
tt1031393,10,28,16.9
tt1031393,9,19,11.4
tt1031393,8,50,30.1
tt1031393,7,43,25.9
tt1031393,6,15,9.0
tt1031393,5,5,3.0
tt1031393,4,0,0.0
tt1031393,3,0,0.0
tt1031393,2,3,1.8
tt1031393,1,3,1.8
tt1031397,10,40,21.4
tt1031397,9,29,15.5
tt1031397,8,69,36.9
tt1031397,7,29,15.5
tt1031397,6,8,4.3
tt1031397,5,1,0.5
tt1031397,4,3,1.6
tt1031397,3,1,0.5
tt1031397,2,3,1.6
tt1031397,1,4,2.1
tt1133084,10,36,20.7
tt1133084,9,48,27.6
tt1133084,8,53,30.5
tt1133084,7,24,13.8
tt1133084,6,7,4.0
tt1133084,5,1,0.6
tt1133084,4,0,0.0
tt1133084,3,1,0.6
tt1133084,2,1,0.6
tt1133084,1,3,1.7
tt1133738,10,42,23.7
tt1133738,9,24,13.6
tt1133738,8,58,32.8
tt1133738,7,33,18.6
tt1133738,6,10,5.6
tt1133738,5,4,2.3
tt1133738,4,2,1.1
tt1133738,3,0,0.0
tt1133738,2,1,0.6
tt1133738,1,3,1.7
tt1031400,10,22,14.3
tt1031400,9,23,14.9
tt1031400,8,55,35.7
tt1031400,7,40,26.0
tt1031400,6,6,3.9
tt1031400,5,2,1.3
tt1031400,4,2,1.3
tt1031400,3,0,0.0
tt1031400,2,1,0.6
tt1031400,1,3,1.9
tt1031401,10,36,22.0
tt1031401,9,29,17.7
tt1031401,8,57,34.8
tt1031401,7,20,12.2
tt1031401,6,10,6.1
tt1031401,5,6,3.7
tt1031401,4,1,0.6
tt1031401,3,1,0.6
tt1031401,2,1,0.6
tt1031401,1,3,1.8
tt1031402,10,31,18.7
tt1031402,9,23,13.9
tt1031402,8,53,31.9
tt1031402,7,38,22.9
tt1031402,6,10,6.0
tt1031402,5,2,1.2
tt1031402,4,2,1.2
tt1031402,3,2,1.2
tt1031402,2,2,1.2
tt1031402,1,3,1.8
tt1031403,10,127,45.4
tt1031403,9,66,23.6
tt1031403,8,42,15.0
tt1031403,7,23,8.2
tt1031403,6,5,1.8
tt1031403,5,4,1.4
tt1031403,4,2,0.7
tt1031403,3,3,1.1
tt1031403,2,2,0.7
tt1031403,1,6,2.1
tt1031383,10,63,30.9
tt1031383,9,53,26.0
tt1031383,8,47,23.0
tt1031383,7,23,11.3
tt1031383,6,8,3.9
tt1031383,5,1,0.5
tt1031383,4,0,0.0
tt1031383,3,2,1.0
tt1031383,2,1,0.5
tt1031383,1,6,2.9
tt1031384,10,83,37.9
tt1031384,9,61,27.9
tt1031384,8,40,18.3
tt1031384,7,20,9.1
tt1031384,6,5,2.3
tt1031384,5,1,0.5
tt1031384,4,1,0.5
tt1031384,3,1,0.5
tt1031384,2,2,0.9
tt1031384,1,5,2.3
tt1031385,10,32,19.4
tt1031385,9,26,15.8
tt1031385,8,60,36.4
tt1031385,7,28,17.0
tt1031385,6,8,4.8
tt1031385,5,4,2.4
tt1031385,4,0,0.0
tt1031385,3,1,0.6
tt1031385,2,1,0.6
tt1031385,1,5,3.0
tt1031386,10,42,24.1
tt1031386,9,39,22.4
tt1031386,8,51,29.3
tt1031386,7,27,15.5
tt1031386,6,6,3.4
tt1031386,5,2,1.1
tt1031386,4,1,0.6
tt1031386,3,0,0.0
tt1031386,2,1,0.6
tt1031386,1,5,2.9
tt1031387,10,36,22.4
tt1031387,9,27,16.8
tt1031387,8,57,35.4
tt1031387,7,22,13.7
tt1031387,6,8,5.0
tt1031387,5,3,1.9
tt1031387,4,0,0.0
tt1031387,3,1,0.6
tt1031387,2,2,1.2
tt1031387,1,5,3.1
tt1031388,10,45,23.8
tt1031388,9,53,28.0
tt1031388,8,57,30.2
tt1031388,7,18,9.5
tt1031388,6,8,4.2
tt1031388,5,0,0.0
tt1031388,4,2,1.1
tt1031388,3,1,0.5
tt1031388,2,1,0.5
tt1031388,1,4,2.1
tt1031389,10,35,17.2
tt1031389,9,36,17.7
tt1031389,8,65,32.0
tt1031389,7,36,17.7
tt1031389,6,18,8.9
tt1031389,5,6,3.0
tt1031389,4,1,0.5
tt1031389,3,1,0.5
tt1031389,2,2,1.0
tt1031389,1,3,1.5
tt1031390,10,48,25.0
tt1031390,9,44,22.9
tt1031390,8,54,28.1
tt1031390,7,27,14.1
tt1031390,6,11,5.7
tt1031390,5,2,1.0
tt1031390,4,1,0.5
tt1031390,3,0,0.0
tt1031390,2,1,0.5
tt1031390,1,4,2.1
tt1031391,10,27,18.0
tt1031391,9,15,10.0
tt1031391,8,48,32.0
tt1031391,7,36,24.0
tt1031391,6,12,8.0
tt1031391,5,3,2.0
tt1031391,4,2,1.3
tt1031391,3,2,1.3
tt1031391,2,2,1.3
tt1031391,1,3,2.0
tt1031392,10,41,21.5
tt1031392,9,48,25.1
tt1031392,8,51,26.7
tt1031392,7,27,14.1
tt1031392,6,16,8.4
tt1031392,5,0,0.0
tt1031392,4,2,1.0
tt1031392,3,1,0.5
tt1031392,2,1,0.5
tt1031392,1,4,2.1
tt1031394,10,26,16.2
tt1031394,9,30,18.8
tt1031394,8,57,35.6
tt1031394,7,26,16.2
tt1031394,6,10,6.2
tt1031394,5,1,0.6
tt1031394,4,3,1.9
tt1031394,3,0,0.0
tt1031394,2,1,0.6
tt1031394,1,6,3.8
tt1031395,10,61,31.0
tt1031395,9,58,29.4
tt1031395,8,42,21.3
tt1031395,7,19,9.6
tt1031395,6,7,3.6
tt1031395,5,1,0.5
tt1031395,4,0,0.0
tt1031395,3,0,0.0
tt1031395,2,2,1.0
tt1031395,1,7,3.6
tt1031396,10,163,53.4
tt1031396,9,70,23.0
tt1031396,8,28,9.2
tt1031396,7,22,7.2
tt1031396,6,6,2.0
tt1031396,5,3,1.0
tt1031396,4,1,0.3
tt1031396,3,1,0.3
tt1031396,2,2,0.7
tt1031396,1,9,3.0
tt1241298,10,44,23.7
tt1241298,9,34,18.3
tt1241298,8,63,33.9
tt1241298,7,21,11.3
tt1241298,6,13,7.0
tt1241298,5,3,1.6
tt1241298,4,2,1.1
tt1241298,3,0,0.0
tt1241298,2,2,1.1
tt1241298,1,4,2.2
tt1241306,10,27,14.8
tt1241306,9,31,16.9
tt1241306,8,69,37.7
tt1241306,7,28,15.3
tt1241306,6,12,6.6
tt1241306,5,5,2.7
tt1241306,4,0,0.0
tt1241306,3,4,2.2
tt1241306,2,2,1.1
tt1241306,1,5,2.7
tt1241307,10,48,23.9
tt1241307,9,49,24.4
tt1241307,8,62,30.8
tt1241307,7,25,12.4
tt1241307,6,8,4.0
tt1241307,5,1,0.5
tt1241307,4,0,0.0
tt1241307,3,1,0.5
tt1241307,2,1,0.5
tt1241307,1,6,3.0
tt1241308,10,27,16.9
tt1241308,9,32,20.0
tt1241308,8,52,32.5
tt1241308,7,33,20.6
tt1241308,6,9,5.6
tt1241308,5,1,0.6
tt1241308,4,0,0.0
tt1241308,3,1,0.6
tt1241308,2,1,0.6
tt1241308,1,4,2.5
tt1440529,10,25,15.7
tt1440529,9,29,18.2
tt1440529,8,55,34.6
tt1440529,7,35,22.0
tt1440529,6,6,3.8
tt1440529,5,2,1.3
tt1440529,4,0,0.0
tt1440529,3,1,0.6
tt1440529,2,2,1.3
tt1440529,1,4,2.5
tt1241310,10,16,11.4
tt1241310,9,20,14.3
tt1241310,8,47,33.6
tt1241310,7,33,23.6
tt1241310,6,12,8.6
tt1241310,5,4,2.9
tt1241310,4,3,2.1
tt1241310,3,0,0.0
tt1241310,2,1,0.7
tt1241310,1,4,2.9
tt1241311,10,41,20.4
tt1241311,9,47,23.4
tt1241311,8,62,30.8
tt1241311,7,27,13.4
tt1241311,6,14,7.0
tt1241311,5,2,1.0
tt1241311,4,1,0.5
tt1241311,3,0,0.0
tt1241311,2,2,1.0
tt1241311,1,5,2.5
tt1241312,10,13,14.4
tt1241312,9,14,15.6
tt1241312,8,24,26.7
tt1241312,7,23,25.6
tt1241312,6,9,10.0
tt1241312,5,4,4.4
tt1241312,4,0,0.0
tt1241312,3,0,0.0
tt1241312,2,1,1.1
tt1241312,1,2,2.2
tt1241313,10,51,24.2
tt1241313,9,48,22.7
tt1241313,8,62,29.4
tt1241313,7,28,13.3
tt1241313,6,4,1.9
tt1241313,5,6,2.8
tt1241313,4,2,0.9
tt1241313,3,0,0.0
tt1241313,2,2,0.9
tt1241313,1,8,3.8
tt1241299,10,30,18.8
tt1241299,9,16,10.0
tt1241299,8,51,31.9
tt1241299,7,39,24.4
tt1241299,6,13,8.1
tt1241299,5,3,1.9
tt1241299,4,2,1.2
tt1241299,3,2,1.2
tt1241299,2,1,0.6
tt1241299,1,3,1.9
tt1241300,10,37,21.3
tt1241300,9,26,14.9
tt1241300,8,59,33.9
tt1241300,7,30,17.2
tt1241300,6,9,5.2
tt1241300,5,2,1.1
tt1241300,4,2,1.1
tt1241300,3,3,1.7
tt1241300,2,1,0.6
tt1241300,1,5,2.9
tt1241301,10,18,13.5
tt1241301,9,17,12.8
tt1241301,8,47,35.3
tt1241301,7,30,22.6
tt1241301,6,11,8.3
tt1241301,5,4,3.0
tt1241301,4,1,0.8
tt1241301,3,0,0.0
tt1241301,2,2,1.5
tt1241301,1,3,2.3
tt1241302,10,20,12.4
tt1241302,9,17,10.6
tt1241302,8,49,30.4
tt1241302,7,39,24.2
tt1241302,6,20,12.4
tt1241302,5,7,4.3
tt1241302,4,1,0.6
tt1241302,3,2,1.2
tt1241302,2,1,0.6
tt1241302,1,5,3.1
tt1241303,10,55,30.7
tt1241303,9,39,21.8
tt1241303,8,55,30.7
tt1241303,7,18,10.1
tt1241303,6,7,3.9
tt1241303,5,1,0.6
tt1241303,4,0,0.0
tt1241303,3,0,0.0
tt1241303,2,1,0.6
tt1241303,1,3,1.7
tt1241304,10,24,15.5
tt1241304,9,16,10.3
tt1241304,8,62,40.0
tt1241304,7,29,18.7
tt1241304,6,9,5.8
tt1241304,5,3,1.9
tt1241304,4,3,1.9
tt1241304,3,1,0.6
tt1241304,2,3,1.9
tt1241304,1,5,3.2
tt1241305,10,42,22.7
tt1241305,9,44,23.8
tt1241305,8,57,30.8
tt1241305,7,23,12.4
tt1241305,6,9,4.9
tt1241305,5,4,2.2
tt1241305,4,0,0.0
tt1241305,3,2,1.1
tt1241305,2,1,0.5
tt1241305,1,3,1.6
tt1611479,10,79,36.4
tt1611479,9,57,26.3
tt1611479,8,49,22.6
tt1611479,7,17,7.8
tt1611479,6,7,3.2
tt1611479,5,2,0.9
tt1611479,4,0,0.0
tt1611479,3,0,0.0
tt1611479,2,1,0.5
tt1611479,1,5,2.3
tt1611480,10,68,35.1
tt1611480,9,51,26.3
tt1611480,8,42,21.6
tt1611480,7,19,9.8
tt1611480,6,7,3.6
tt1611480,5,1,0.5
tt1611480,4,0,0.0
tt1611480,3,0,0.0
tt1611480,2,1,0.5
tt1611480,1,5,2.6
tt1605952,10,38,20.5
tt1605952,9,31,16.8
tt1605952,8,59,31.9
tt1605952,7,37,20.0
tt1605952,6,7,3.8
tt1605952,5,4,2.2
tt1605952,4,0,0.0
tt1605952,3,1,0.5
tt1605952,2,3,1.6
tt1605952,1,5,2.7
tt1610812,10,27,15.1
tt1610812,9,25,14.0
tt1610812,8,50,27.9
tt1610812,7,40,22.3
tt1610812,6,18,10.1
tt1610812,5,7,3.9
tt1610812,4,1,0.6
tt1610812,3,0,0.0
tt1610812,2,3,1.7
tt1610812,1,8,4.5
tt1605306,10,22,14.8
tt1605306,9,24,16.1
tt1605306,8,45,30.2
tt1605306,7,31,20.8
tt1605306,6,12,8.1
tt1605306,5,6,4.0
tt1605306,4,3,2.0
tt1605306,3,0,0.0
tt1605306,2,1,0.7
tt1605306,1,5,3.4
tt1598660,10,34,20.6
tt1598660,9,29,17.6
tt1598660,8,51,30.9
tt1598660,7,26,15.8
tt1598660,6,8,4.8
tt1598660,5,9,5.5
tt1598660,4,0,0.0
tt1598660,3,0,0.0
tt1598660,2,3,1.8
tt1598660,1,5,3.0
tt1618648,10,23,15.2
tt1618648,9,23,15.2
tt1618648,8,55,36.4
tt1618648,7,23,15.2
tt1618648,6,15,9.9
tt1618648,5,1,0.7
tt1618648,4,0,0.0
tt1618648,3,1,0.7
tt1618648,2,3,2.0
tt1618648,1,7,4.6
tt1618649,10,16,12.2
tt1618649,9,17,13.0
tt1618649,8,45,34.4
tt1618649,7,30,22.9
tt1618649,6,10,7.6
tt1618649,5,7,5.3
tt1618649,4,0,0.0
tt1618649,3,0,0.0
tt1618649,2,2,1.5
tt1618649,1,4,3.1
tt1618065,10,17,12.5
tt1618065,9,12,8.8
tt1618065,8,35,25.7
tt1618065,7,38,27.9
tt1618065,6,15,11.0
tt1618065,5,8,5.9
tt1618065,4,3,2.2
tt1618065,3,0,0.0
tt1618065,2,2,1.5
tt1618065,1,6,4.4
tt1662570,10,19,14.6
tt1662570,9,20,15.4
tt1662570,8,43,33.1
tt1662570,7,27,20.8
tt1662570,6,13,10.0
tt1662570,5,0,0.0
tt1662570,4,2,1.5
tt1662570,3,0,0.0
tt1662570,2,2,1.5
tt1662570,1,4,3.1
tt1662148,10,23,14.8
tt1662148,9,18,11.6
tt1662148,8,36,23.2
tt1662148,7,34,21.9
tt1662148,6,14,9.0
tt1662148,5,9,5.8
tt1662148,4,4,2.6
tt1662148,3,0,0.0
tt1662148,2,2,1.3
tt1662148,1,15,9.7
tt1664323,10,25,16.8
tt1664323,9,29,19.5
tt1664323,8,56,37.6
tt1664323,7,19,12.8
tt1664323,6,11,7.4
tt1664323,5,3,2.0
tt1664323,4,0,0.0
tt1664323,3,0,0.0
tt1664323,2,2,1.3
tt1664323,1,4,2.7
tt1665572,10,19,15.7
tt1665572,9,14,11.6
tt1665572,8,33,27.3
tt1665572,7,26,21.5
tt1665572,6,14,11.6
tt1665572,5,8,6.6
tt1665572,4,1,0.8
tt1665572,3,0,0.0
tt1665572,2,2,1.7
tt1665572,1,4,3.3
tt1678652,10,37,19.5
tt1678652,9,27,14.2
tt1678652,8,27,14.2
tt1678652,7,34,17.9
tt1678652,6,14,7.4
tt1678652,5,13,6.8
tt1678652,4,11,5.8
tt1678652,3,6,3.2
tt1678652,2,7,3.7
tt1678652,1,14,7.4
tt1678651,10,23,17.3
tt1678651,9,14,10.5
tt1678651,8,31,23.3
tt1678651,7,32,24.1
tt1678651,6,20,15.0
tt1678651,5,3,2.3
tt1678651,4,0,0.0
tt1678651,3,1,0.8
tt1678651,2,4,3.0
tt1678651,1,5,3.8
tt1678653,10,38,24.5
tt1678653,9,28,18.1
tt1678653,8,49,31.6
tt1678653,7,20,12.9
tt1678653,6,9,5.8
tt1678653,5,2,1.3
tt1678653,4,3,1.9
tt1678653,3,0,0.0
tt1678653,2,2,1.3
tt1678653,1,4,2.6
tt1848164,10,52,25.4
tt1848164,9,51,24.9
tt1848164,8,50,24.4
tt1848164,7,26,12.7
tt1848164,6,14,6.8
tt1848164,5,2,1.0
tt1848164,4,0,0.0
tt1848164,3,2,1.0
tt1848164,2,2,1.0
tt1848164,1,6,2.9
tt1876968,10,35,20.8
tt1876968,9,30,17.9
tt1876968,8,48,28.6
tt1876968,7,35,20.8
tt1876968,6,10,6.0
tt1876968,5,3,1.8
tt1876968,4,0,0.0
tt1876968,3,0,0.0
tt1876968,2,1,0.6
tt1876968,1,6,3.6
tt1933834,10,28,17.9
tt1933834,9,25,16.0
tt1933834,8,49,31.4
tt1933834,7,27,17.3
tt1933834,6,14,9.0
tt1933834,5,3,1.9
tt1933834,4,3,1.9
tt1933834,3,0,0.0
tt1933834,2,3,1.9
tt1933834,1,4,2.6
tt1935526,10,41,23.3
tt1935526,9,39,22.2
tt1935526,8,53,30.1
tt1935526,7,24,13.6
tt1935526,6,12,6.8
tt1935526,5,2,1.1
tt1935526,4,0,0.0
tt1935526,3,0,0.0
tt1935526,2,1,0.6
tt1935526,1,4,2.3
tt1942451,10,29,18.2
tt1942451,9,31,19.5
tt1942451,8,49,30.8
tt1942451,7,33,20.8
tt1942451,6,9,5.7
tt1942451,5,2,1.3
tt1942451,4,1,0.6
tt1942451,3,1,0.6
tt1942451,2,1,0.6
tt1942451,1,3,1.9
tt1893987,10,32,20.9
tt1893987,9,24,15.7
tt1893987,8,55,35.9
